imb_id,rearing_year,host_plant,collection_stage,sex,stage,duration,start,end,degree_days
20BR001,2020,BRRA,egg,M,first,8,0,8,27.418162238477834
20BR001,2020,BRRA,egg,M,second,4,8,12,13.517592592592592
20BR001,2020,BRRA,egg,M,third,4,12,16,16.01094487344487
20BR001,2020,BRRA,egg,M,fourth,4,16,20,13.726000457875456
20BR001,2020,BRRA,egg,M,fifth,8,20,28,35.37632348833962
20BR001,2020,BRRA,egg,M,pupa,310,28,338,579.9869385654613
20BR002,2020,BRRA,egg,M,first,5,0,5,21.044463825779417
20BR002,2020,BRRA,egg,M,second,5,5,10,13.785114331723028
20BR002,2020,BRRA,egg,M,third,4,10,14,14.950362862862862
20BR002,2020,BRRA,egg,M,fourth,5,14,19,17.914889346764344
20BR002,2020,BRRA,egg,M,fifth,10,19,29,45.746785026801156
20BR002,2020,BRRA,egg,M,pupa,337,29,366,603.6876742040599
20BR003,2020,BRRA,egg,F,first,5,0,5,21.59508494379184
20BR003,2020,BRRA,egg,F,second,4,5,9,10.74679524340394
20BR003,2020,BRRA,egg,F,third,5,9,14,16.319807307307308
20BR003,2020,BRRA,egg,F,fourth,4,14,18,14.918236540111538
20BR003,2020,BRRA,egg,F,fifth,9,18,27,34.894913231929365
20BR003,2020,BRRA,egg,F,pupa,335,27,362,606.6770816884674
20BR004,2020,BRRA,egg,M,first,7,0,7,25.82046373167063
20BR004,2020,BRRA,egg,M,second,4,7,11,10.74679524340394
20BR004,2020,BRRA,egg,M,third,4,11,15,14.049537037037037
20BR004,2020,BRRA,egg,M,fourth,5,15,20,18.28073654011154
20BR004,2020,BRRA,egg,M,fifth,9,20,29,34.894913231929365
20BR004,2020,BRRA,egg,M,pupa,312,29,341,586.489182155205
20BR005,2020,BRRA,egg,NA,first,7,0,7,25.111019381334977
20BR005,2020,BRRA,egg,NA,second,2,7,9,8.38888888888889
20BR005,2020,BRRA,egg,NA,third,5,9,14,17.800362862862862
20BR005,2020,BRRA,egg,NA,fourth,4,14,18,15.324889346764344
20BR005,2020,BRRA,egg,NA,fifth,8,18,26,32.6157465652627
20BR005,2020,BRRA,egg,NA,death,327,26,353,600.7581427779155
20BR006,2020,BRRA,egg,NA,first,5,0,5,21.044463825779417
20BR006,2020,BRRA,egg,NA,second,4,5,9,11.381410628019324
20BR006,2020,BRRA,egg,NA,third,4,9,13,13.611473973973974
20BR006,2020,BRRA,egg,NA,fourth,4,13,17,14.918236540111538
20BR006,2020,BRRA,egg,NA,fifth,10,17,27,40.332413231929365
20BR006,2020,BRRA,egg,NA,death,327,27,354,597.763922347808
20BR007,2020,BRRA,egg,NA,first,6,0,6,21.844352714668307
20BR007,2020,BRRA,egg,NA,second,5,6,11,16.880092592592593
20BR007,2020,BRRA,egg,NA,third,5,11,16,18.28073654011154
20BR007,2020,BRRA,egg,NA,fourth,5,16,21,16.525851648351647
20BR007,2020,BRRA,egg,NA,fifth,8,21,29,40.706652751668884
20BR007,2020,BRRA,egg,NA,pupa,313,29,342,568.9128872834101
20BR008,2020,BRRA,egg,F,first,6,0,6,23.605079116286014
20BR008,2020,BRRA,egg,F,second,4,6,10,10.09018604800164
20BR008,2020,BRRA,egg,F,third,3,10,13,10.792592592592593
20BR008,2020,BRRA,egg,F,fourth,5,13,18,18.414648577148576
20BR008,2020,BRRA,egg,F,fifth,9,18,27,32.158157279548405
20BR008,2020,BRRA,egg,F,pupa,324,27,351,601.9822395145123
20BR009,2020,BRRA,egg,M,first,5,0,5,19.01379715911275
20BR009,2020,BRRA,egg,M,second,4,5,9,12.028592592592593
20BR009,2020,BRRA,egg,M,third,4,9,13,14.950362862862862
20BR009,2020,BRRA,egg,M,fourth,4,13,17,15.324889346764344
20BR009,2020,BRRA,egg,M,fifth,9,17,26,38.0532465652627
20BR009,2020,BRRA,egg,M,pupa,324,26,350,592.1914761112489
20BR010,2020,BRRA,egg,NA,death,5,0,5,21.044463825779417
20BR011,2020,BRRA,egg,F,first,7,0,7,25.111019381334977
20BR011,2020,BRRA,egg,F,second,4,7,11,13.517592592592592
20BR011,2020,BRRA,egg,F,third,5,11,16,18.726569873444873
20BR011,2020,BRRA,egg,F,fourth,5,16,21,16.008143315018316
20BR011,2020,BRRA,egg,F,fifth,9,21,30,43.73165275166888
20BR011,2020,BRRA,egg,F,pupa,327,30,357,583.5676274760132
20BR012,2020,BRRA,egg,NA,death,5,0,5,21.044463825779417
20BR013,2020,BRRA,egg,NA,death,5,0,5,21.044463825779417
20BR014,2020,BRRA,egg,M,first,6,0,6,22.28046382577942
20BR014,2020,BRRA,egg,M,second,3,6,9,9.62488888888889
20BR014,2020,BRRA,egg,M,third,4,9,13,13.611473973973974
20BR014,2020,BRRA,egg,M,fourth,5,13,18,17.595159617034614
20BR014,2020,BRRA,egg,M,fifth,8,18,26,32.6157465652627
20BR014,2020,BRRA,egg,M,pupa,320,26,346,590.8708488218716
20BR015,2020,BRRA,egg,F,first,6,0,6,23.605079116286014
20BR015,2020,BRRA,egg,F,second,3,6,9,7.2596304924460835
20BR015,2020,BRRA,egg,F,third,4,9,13,12.028592592592593
20BR015,2020,BRRA,egg,F,fourth,5,13,18,18.414648577148576
20BR015,2020,BRRA,egg,F,fifth,9,18,27,32.158157279548405
20BR015,2020,BRRA,egg,F,pupa,331,27,358,613.5434678023535
20BR016,2020,BRRA,egg,M,first,5,0,5,21.467579116286014
20BR016,2020,BRRA,egg,M,second,5,5,10,12.798519381334973
20BR016,2020,BRRA,egg,M,third,4,10,14,14.049537037037037
20BR016,2020,BRRA,egg,M,fourth,5,14,19,18.28073654011154
20BR016,2020,BRRA,egg,M,fifth,9,19,28,34.894913231929365
20BR016,2020,BRRA,egg,M,pupa,309,28,337,580.6452718987947
20BR017,2020,BRRA,egg,M,first,5,0,5,21.044463825779417
20BR017,2020,BRRA,egg,M,second,4,5,9,11.381410628019324
20BR017,2020,BRRA,egg,M,third,5,9,14,17.800362862862862
20BR017,2020,BRRA,egg,M,fourth,5,14,19,17.914889346764344
20BR017,2020,BRRA,egg,M,fifth,9,19,28,40.81478502680116
20BR017,2020,BRRA,egg,M,pupa,313,28,341,578.3683488218716
20BR018,2020,BRRA,egg,F,first,6,0,6,23.68296373167063
20BR018,2020,BRRA,egg,F,second,5,6,11,13.596795243403939
20BR018,2020,BRRA,egg,F,third,4,11,15,13.611473973973974
20BR018,2020,BRRA,egg,F,fourth,5,15,20,17.595159617034614
20BR018,2020,BRRA,egg,F,fifth,9,20,29,38.0532465652627
20BR018,2020,BRRA,egg,F,pupa,332,29,361,600.3626769265626
20BR019,2020,BRRA,egg,M,first,7,0,7,24.55268604800164
20BR019,2020,BRRA,egg,M,second,4,7,11,14.049537037037037
20BR019,2020,BRRA,egg,M,third,3,11,14,13.285944873444873
20BR019,2020,BRRA,egg,M,fourth,6,14,20,19.472429029304028
20BR019,2020,BRRA,egg,M,fifth,8,20,28,40.435356455372585
20BR019,2020,BRRA,egg,M,pupa,330,28,358,589.4867153881011
20BR020,2020,BRRA,egg,F,first,5,0,5,16.880092592592593
20BR020,2020,BRRA,egg,F,second,4,5,9,16.001569873444872
20BR020,2020,BRRA,egg,F,third,4,9,13,12.983143315018314
20BR020,2020,BRRA,egg,F,fourth,5,13,18,23.202990155006283
20BR020,2020,BRRA,egg,F,fifth,8,18,26,40.63193848743849
20BR020,2020,BRRA,egg,F,pupa,334,26,360,587.571120332006
20BR021,2020,BRRA,egg,F,first,6,0,6,21.264648577148577
20BR021,2020,BRRA,egg,F,second,3,6,9,11.136000457875456
20BR021,2020,BRRA,egg,F,third,4,9,13,14.246684981684982
20BR021,2020,BRRA,egg,F,fourth,4,13,17,21.602394916911045
20BR021,2020,BRRA,egg,F,fifth,8,17,25,40.66110515410516
20BR021,2020,BRRA,egg,F,pupa,319,25,344,564.8970376238104
20BR022,2020,BRRA,egg,M,first,5,0,5,17.800362862862862
20BR022,2020,BRRA,egg,M,second,4,5,9,15.324889346764344
20BR022,2020,BRRA,egg,M,third,4,9,13,14.246684981684982
20BR022,2020,BRRA,egg,M,fourth,5,13,18,27.039894916911045
20BR022,2020,BRRA,egg,M,fifth,8,18,26,39.80860515410515
20BR022,2020,BRRA,egg,M,pupa,309,26,335,550.2097436677665
20BR023,2020,BRRA,egg,M,first,5,0,5,16.880092592592593
20BR023,2020,BRRA,egg,M,second,4,5,9,16.001569873444872
20BR023,2020,BRRA,egg,M,third,4,9,13,12.983143315018314
20BR023,2020,BRRA,egg,M,fourth,4,13,17,18.43215682167295
20BR023,2020,BRRA,egg,M,fifth,8,17,25,42.50956086506086
20BR023,2020,BRRA,egg,M,pupa,324,25,349,575.6463311797169
20BR024,2020,BRRA,egg,M,first,6,0,6,21.264648577148577
20BR024,2020,BRRA,egg,M,second,4,6,10,13.726000457875456
20BR024,2020,BRRA,egg,M,third,5,10,15,21.02215682167295
20BR024,2020,BRRA,egg,M,fourth,4,15,19,25.080506993006992
20BR024,2020,BRRA,egg,M,fifth,9,19,28,40.30832737632738
20BR024,2020,BRRA,egg,M,pupa,315,28,343,551.2220376238104
20BR025,2020,BRRA,egg,NA,first,6,0,6,18.116092592592594
20BR025,2020,BRRA,egg,NA,death,4,6,10,16.001569873444872
20BR026,2020,BRRA,egg,F,first,5,0,5,14.753592592592593
20BR026,2020,BRRA,egg,F,second,5,5,10,18.726569873444873
20BR026,2020,BRRA,egg,F,third,4,10,14,12.983143315018314
20BR026,2020,BRRA,egg,F,fourth,4,14,18,18.43215682167295
20BR026,2020,BRRA,egg,F,fifth,9,18,27,45.91981727531728
20BR026,2020,BRRA,egg,F,pupa,322,27,349,571.0339069372926
20BR027,2020,BRRA,egg,F,first,5,0,5,16.319807307307308
20BR027,2020,BRRA,egg,F,second,4,5,9,14.918236540111538
20BR027,2020,BRRA,egg,F,third,4,9,13,13.292518315018315
20BR027,2020,BRRA,egg,F,fourth,5,13,18,24.627394916911047
20BR027,2020,BRRA,egg,F,fifth,9,18,27,43.95443848743849
20BR027,2020,BRRA,egg,F,pupa,324,27,351,563.8474051057908
20BR028,2020,BRRA,egg,M,first,6,0,6,19.150362862862863
20BR028,2020,BRRA,egg,M,second,5,6,11,17.595159617034614
20BR028,2020,BRRA,egg,M,third,4,11,15,14.246684981684982
20BR028,2020,BRRA,egg,M,fourth,4,15,19,21.602394916911045
20BR028,2020,BRRA,egg,M,fifth,10,19,29,47.79443848743849
20BR028,2020,BRRA,egg,M,pupa,305,29,334,543.9972436677665
20BR029,2020,BRRA,egg,NA,first,5,0,5,16.319807307307308
20BR029,2020,BRRA,egg,NA,second,4,5,9,14.918236540111538
20BR029,2020,BRRA,egg,NA,third,4,9,13,13.292518315018315
20BR029,2020,BRRA,egg,NA,fourth,5,13,18,24.627394916911047
20BR029,2020,BRRA,egg,NA,fifth,8,18,26,40.66110515410516
20BR029,2020,BRRA,egg,NA,pupa,338,26,364,612.1554291391409
20BR030,2020,BRRA,egg,M,first,7,0,7,23.339251751751753
20BR030,2020,BRRA,egg,M,second,4,7,11,15.324889346764344
20BR030,2020,BRRA,egg,M,third,4,11,15,14.246684981684982
20BR030,2020,BRRA,egg,M,fourth,5,15,20,27.039894916911045
20BR030,2020,BRRA,egg,M,fifth,8,20,28,39.80860515410515
20BR030,2020,BRRA,egg,M,pupa,327,28,355,568.0700305884162
20BR031,2020,BRRA,egg,F,first,5,0,5,14.753592592592593
20BR031,2020,BRRA,egg,F,second,4,5,9,16.01094487344487
20BR031,2020,BRRA,egg,F,third,4,9,13,13.726000457875456
20BR031,2020,BRRA,egg,F,fourth,4,13,17,15.734278033794164
20BR031,2020,BRRA,egg,F,fifth,9,17,26,46.67407699409313
20BR031,2020,BRRA,egg,F,pupa,337,26,363,600.6677112410969
20BR032,2020,BRRA,egg,M,first,5,0,5,16.880092592592593
20BR032,2020,BRRA,egg,M,second,5,5,10,18.28073654011154
20BR032,2020,BRRA,egg,M,third,4,10,14,13.292518315018315
20BR032,2020,BRRA,egg,M,fourth,5,14,19,24.627394916911047
20BR032,2020,BRRA,egg,M,fifth,8,19,27,40.66110515410516
20BR032,2020,BRRA,egg,M,pupa,317,27,344,560.4762042904771
20BR033,2020,BRRA,egg,M,first,6,0,6,20.508696196196198
20BR033,2020,BRRA,egg,M,second,4,6,10,15.324889346764344
20BR033,2020,BRRA,egg,M,third,4,10,14,14.246684981684982
20BR033,2020,BRRA,egg,M,fourth,4,14,18,21.602394916911045
20BR033,2020,BRRA,egg,M,fifth,8,18,26,40.66110515410516
20BR033,2020,BRRA,egg,M,pupa,308,26,334,553.0055770010998
20BR034,2020,BRRA,egg,F,first,6,0,6,18.116092592592594
20BR034,2020,BRRA,egg,F,second,3,6,9,13.285944873444873
20BR034,2020,BRRA,egg,F,third,4,9,13,13.726000457875456
20BR034,2020,BRRA,egg,F,fourth,5,13,18,21.02215682167295
20BR034,2020,BRRA,egg,F,fifth,7,18,25,37.93380328930329
20BR034,2020,BRRA,egg,F,pupa,323,25,348,578.6596645130502
20BR035,2020,BRRA,egg,NA,first,7,0,7,19.872614331723028
20BR035,2020,BRRA,egg,NA,second,3,7,10,13.285944873444873
20BR035,2020,BRRA,egg,NA,third,3,10,13,11.136000457875456
20BR035,2020,BRRA,egg,NA,fourth,4,13,17,14.246684981684982
20BR035,2020,BRRA,egg,NA,fifth,8,17,25,40.706652751668884
20BR035,2020,BRRA,egg,NA,death,327,25,352,583.5676274760132
20BR036,2020,BRRA,egg,F,first,5,0,5,16.880092592592593
20BR036,2020,BRRA,egg,F,second,4,5,9,16.001569873444872
20BR036,2020,BRRA,egg,F,third,4,9,13,12.983143315018314
20BR036,2020,BRRA,egg,F,fourth,4,13,17,18.43215682167295
20BR036,2020,BRRA,egg,F,fifth,8,17,25,42.50956086506086
20BR036,2020,BRRA,egg,F,pupa,327,25,352,576.6334190918047
20BR037,2020,BRRA,egg,NA,first,6,0,6,16.000498947107644
20BR037,2020,BRRA,egg,NA,second,5,6,11,18.414648577148576
20BR037,2020,BRRA,egg,NA,third,2,11,13,8.45907738095238
20BR037,2020,BRRA,egg,NA,fourth,5,13,18,16.525851648351647
20BR037,2020,BRRA,egg,NA,fifth,8,18,26,40.706652751668884
20BR037,2020,BRRA,egg,NA,death,327,26,353,583.5676274760132
20BR038,2020,BRRA,egg,M,first,6,0,6,21.264648577148577
20BR038,2020,BRRA,egg,M,second,4,6,10,13.726000457875456
20BR038,2020,BRRA,egg,M,third,4,10,14,15.734278033794164
20BR038,2020,BRRA,egg,M,fourth,5,14,19,29.24502312203925
20BR038,2020,BRRA,egg,M,fifth,9,19,28,40.30832737632738
20BR038,2020,BRRA,egg,M,pupa,315,28,343,551.2220376238104
20BR039,2020,BRRA,egg,M,first,6,0,6,18.116092592592594
20BR039,2020,BRRA,egg,M,second,3,6,9,13.285944873444873
20BR039,2020,BRRA,egg,M,third,6,9,15,19.472429029304028
20BR039,2020,BRRA,egg,M,fourth,3,15,18,15.71072825024438
20BR039,2020,BRRA,egg,M,fifth,8,18,26,42.50956086506086
20BR039,2020,BRRA,egg,M,pupa,318,26,344,567.4545259687987
20BR040,2020,BRRA,egg,F,first,7,0,7,23.980273577148573
20BR040,2020,BRRA,egg,F,second,4,7,11,12.983143315018314
20BR040,2020,BRRA,egg,F,third,3,11,14,13.144278033794164
20BR040,2020,BRRA,egg,F,fourth,5,14,19,29.24502312203925
20BR040,2020,BRRA,egg,F,fifth,9,19,28,40.30832737632738
20BR040,2020,BRRA,egg,F,pupa,322,28,350,556.7140717724575
20BR041,2020,BRRA,egg,NA,death,5,0,5,16.319807307307308
20BR042,2020,BRRA,egg,M,first,6,0,6,18.116092592592594
20BR042,2020,BRRA,egg,M,second,3,6,9,13.285944873444873
20BR042,2020,BRRA,egg,M,third,3,9,12,11.136000457875456
20BR042,2020,BRRA,egg,M,fourth,5,12,17,18.41120111071724
20BR042,2020,BRRA,egg,M,fifth,8,17,25,42.09831941833555
20BR042,2020,BRRA,egg,M,pupa,307,25,332,563.2390909871137
20BR043,2020,BRRA,egg,NA,first,5,0,5,16.008143315018316
20BR043,2020,BRRA,egg,NA,death,4,5,9,20.481561583577715
20BR044,2020,BRRA,egg,M,first,6,0,6,19.24147664835165
20BR044,2020,BRRA,egg,M,second,3,6,9,17.456561583577713
20BR044,2020,BRRA,egg,M,third,3,9,12,19.792628205128207
20BR044,2020,BRRA,egg,M,fourth,4,12,16,22.86751541051541
20BR044,2020,BRRA,egg,M,fifth,9,16,25,38.082045732045735
20BR044,2020,BRRA,egg,M,pupa,295,25,320,520.0256349986578
20BR045,2020,BRRA,egg,F,first,7,0,7,23.405992777383908
20BR045,2020,BRRA,egg,F,second,3,7,10,18.36906158357771
20BR045,2020,BRRA,egg,F,third,2,10,12,15.021794871794873
20BR045,2020,BRRA,egg,F,fourth,5,12,17,26.27777182077182
20BR045,2020,BRRA,egg,F,fifth,9,17,26,36.52750027750028
20BR045,2020,BRRA,egg,F,pupa,312,26,338,535.9526187810045
20BR047,2020,BRRA,egg,NA,first,5,0,5,18.41120111071724
20BR047,2020,BRRA,egg,NA,second,3,5,8,18.36906158357771
20BR047,2020,BRRA,egg,NA,third,4,8,12,23.250091168091167
20BR047,2020,BRRA,egg,NA,fourth,4,12,16,20.70731028231028
20BR047,2020,BRRA,egg,NA,fifth,9,16,25,37.08134643134643
20BR047,2020,BRRA,egg,NA,death,327,25,352,567.9227867211724
20BR048,2020,BRRA,egg,F,first,5,0,5,17.595159617034614
20BR048,2020,BRRA,egg,F,second,5,5,10,18.41120111071724
20BR048,2020,BRRA,egg,F,third,3,10,13,18.36906158357771
20BR048,2020,BRRA,egg,F,fourth,5,13,18,27.875091168091167
20BR048,2020,BRRA,egg,F,fifth,9,18,27,38.144545732045735
20BR048,2020,BRRA,egg,F,pupa,307,27,334,533.6241285884014
20BR049,2020,BRRA,egg,F,first,6,0,6,19.24147664835165
20BR049,2020,BRRA,egg,F,second,3,6,9,17.456561583577713
20BR049,2020,BRRA,egg,F,third,4,9,13,24.724628205128205
20BR049,2020,BRRA,egg,F,fourth,4,13,17,20.839310282310283
20BR049,2020,BRRA,egg,F,fifth,8,17,25,33.50628815628816
20BR049,2020,BRRA,egg,F,pupa,302,25,327,527.472045255068
20BR050,2020,BRRA,egg,F,first,5,0,5,21.02215682167295
20BR050,2020,BRRA,egg,F,second,3,5,8,19.642045454545453
20BR050,2020,BRRA,egg,F,third,4,8,12,23.729257834757835
20BR050,2020,BRRA,egg,F,fourth,5,12,17,24.54434731934732
20BR050,2020,BRRA,egg,F,fifth,9,17,26,36.29463074507192
20BR050,2020,BRRA,egg,F,pupa,306,26,332,518.9507402120718
20BR051,2020,BRRA,egg,F,first,5,0,5,24.627394916911047
20BR051,2020,BRRA,egg,F,second,4,5,9,23.250091168091167
20BR051,2020,BRRA,egg,F,third,4,9,13,20.70731028231028
20BR051,2020,BRRA,egg,F,fourth,4,13,17,17.487698412698414
20BR051,2020,BRRA,egg,F,fifth,9,17,26,38.405447738535976
20BR051,2020,BRRA,egg,F,pupa,298,26,324,507.40707370700824
20BR052,2020,BRRA,egg,F,first,6,0,6,23.699079898596025
20BR052,2020,BRRA,egg,F,second,3,6,9,19.642045454545453
20BR052,2020,BRRA,egg,F,third,4,9,13,23.729257834757835
20BR052,2020,BRRA,egg,F,fourth,5,13,18,24.54434731934732
20BR052,2020,BRRA,egg,F,fifth,9,18,27,36.29463074507192
20BR052,2020,BRRA,egg,F,pupa,309,27,336,524.5231864486309
20BR053,2020,BRRA,egg,M,first,5,0,5,18.41120111071724
20BR053,2020,BRRA,egg,M,second,4,5,9,23.80656158357771
20BR053,2020,BRRA,egg,M,third,4,9,13,23.729257834757835
20BR053,2020,BRRA,egg,M,fourth,4,13,17,20.70434731934732
20BR053,2020,BRRA,egg,M,fifth,9,17,26,36.72546407840525
20BR053,2020,BRRA,egg,M,pupa,304,26,330,518.9810758078486
20BR054,2020,BRRA,egg,M,first,5,0,5,18.41120111071724
20BR054,2020,BRRA,egg,M,second,4,5,9,23.80656158357771
20BR054,2020,BRRA,egg,M,third,3,9,12,19.104257834757835
20BR054,2020,BRRA,egg,M,fourth,5,12,17,24.000643615643618
20BR054,2020,BRRA,egg,M,fifth,9,17,26,36.72546407840525
20BR054,2020,BRRA,egg,M,pupa,295,26,321,514.9092305697534
20BR055,2020,BRRA,egg,NA,death,5,0,5,27.875091168091167
20BR056,2020,BRRA,egg,F,first,4,0,4,24.724628205128205
20BR056,2020,BRRA,egg,F,second,4,4,8,20.839310282310283
20BR056,2020,BRRA,egg,F,third,4,8,12,17.440811965811967
20BR056,2020,BRRA,egg,F,fourth,4,12,16,18.16269841269841
20BR056,2020,BRRA,egg,F,fifth,9,16,25,42.296006030818404
20BR056,2020,BRRA,egg,F,pupa,303,25,328,502.1985343297189
20BR057,2020,BRRA,egg,M,first,5,0,5,28.020924501424503
20BR057,2020,BRRA,egg,M,second,4,5,9,20.70731028231028
20BR057,2020,BRRA,egg,M,third,4,9,13,17.487698412698414
20BR057,2020,BRRA,egg,M,fourth,5,13,18,23.050790875790877
20BR057,2020,BRRA,egg,M,fifth,8,18,26,42.339216986529365
20BR057,2020,BRRA,egg,M,pupa,298,26,324,488.61205112901155
20BR058,2020,BRRA,egg,F,first,3,0,3,12.546659159159159
20BR058,2020,BRRA,egg,F,second,4,3,7,15.324889346764344
20BR058,2020,BRRA,egg,F,third,3,7,10,11.013351648351648
20BR058,2020,BRRA,egg,F,fourth,4,10,14,20.481561583577715
20BR058,2020,BRRA,egg,F,fifth,8,14,22,40.63193848743849
20BR058,2020,BRRA,egg,F,pupa,315,22,337,559.4726786494514
20BR059,2020,BRRA,egg,F,first,5,0,5,18.414648577148576
20BR059,2020,BRRA,egg,F,second,3,5,8,11.136000457875456
20BR059,2020,BRRA,egg,F,third,4,8,12,14.246684981684982
20BR059,2020,BRRA,egg,F,fourth,3,12,15,17.456561583577713
20BR059,2020,BRRA,egg,F,fifth,8,15,23,40.63193848743849
20BR059,2020,BRRA,egg,F,pupa,306,23,329,555.4008334113562
20LE001,2020,LEVI,egg,F,first,6,0,6,19.24147664835165
20LE001,2020,LEVI,egg,F,second,6,6,12,32.478356455372584
20LE001,2020,LEVI,egg,F,third,4,12,16,22.86751541051541
20LE001,2020,LEVI,egg,F,fourth,5,16,21,22.01656954156954
20LE001,2020,LEVI,egg,F,fifth,9,21,30,35.66933662742486
20LE001,2020,LEVI,egg,F,pupa,309,30,339,523.235686448631
20LE002,2020,LEVI,egg,F,first,5,0,5,18.41120111071724
20LE002,2020,LEVI,egg,F,second,4,5,9,23.80656158357771
20LE002,2020,LEVI,egg,F,third,3,9,12,19.104257834757835
20LE002,2020,LEVI,egg,F,fourth,4,12,16,20.70731028231028
20LE002,2020,LEVI,egg,F,fifth,10,16,26,41.52546407840526
20LE002,2020,LEVI,egg,F,pupa,309,26,335,527.815691192464
20LE003,2020,LEVI,egg,M,first,6,0,6,23.699079898596025
20LE003,2020,LEVI,egg,M,second,4,6,10,25.080506993006992
20LE003,2020,LEVI,egg,M,third,4,10,14,22.86751541051541
20LE003,2020,LEVI,egg,M,fourth,5,14,19,22.01656954156954
20LE003,2020,LEVI,egg,M,fifth,9,19,28,35.66933662742486
20LE003,2020,LEVI,egg,M,pupa,306,28,334,518.7674068787385
20LE004,2020,LEVI,egg,F,first,6,0,6,19.472429029304028
20LE004,2020,LEVI,egg,F,second,4,6,10,20.481561583577715
20LE004,2020,LEVI,egg,F,third,4,10,14,24.724628205128205
20LE004,2020,LEVI,egg,F,fourth,5,14,19,25.639310282310284
20LE004,2020,LEVI,egg,F,fifth,9,19,28,37.08134643134643
20LE004,2020,LEVI,egg,F,pupa,310,28,338,531.7797937565665
20LE005,2020,LEVI,egg,F,first,5,0,5,18.41120111071724
20LE005,2020,LEVI,egg,F,second,5,5,10,29.24502312203925
20LE005,2020,LEVI,egg,F,third,3,10,13,18.291757834757835
20LE005,2020,LEVI,egg,F,fourth,4,13,17,20.70434731934732
20LE005,2020,LEVI,egg,F,fifth,9,17,26,36.72546407840525
20LE005,2020,LEVI,egg,F,pupa,316,26,342,531.5660586744443
20LE006,2020,LEVI,egg,F,first,4,0,4,21.602394916911045
20LE006,2020,LEVI,egg,F,second,4,4,8,23.250091168091167
20LE006,2020,LEVI,egg,F,third,5,8,13,24.000643615643618
20LE006,2020,LEVI,egg,F,fourth,3,13,16,12.687698412698412
20LE006,2020,LEVI,egg,F,fifth,9,16,25,38.405447738535976
20LE006,2020,LEVI,egg,F,pupa,326,25,351,567.7069258450493
20LE007,2020,LEVI,egg,F,first,4,0,4,21.602394916911045
20LE007,2020,LEVI,egg,F,second,4,4,8,23.250091168091167
20LE007,2020,LEVI,egg,F,third,3,8,11,15.907310282310283
20LE007,2020,LEVI,egg,F,fourth,5,11,16,20.897954822954823
20LE007,2020,LEVI,egg,F,fifth,9,16,25,38.405447738535976
20LE007,2020,LEVI,egg,F,pupa,318,25,343,533.1873606276581
20LE008,2020,LEVI,egg,F,first,4,0,4,25.080506993006992
20LE008,2020,LEVI,egg,F,second,4,4,8,22.86751541051541
20LE008,2020,LEVI,egg,F,third,4,8,12,19.91934731934732
20LE008,2020,LEVI,egg,F,fourth,4,12,16,17.440198412698415
20LE008,2020,LEVI,egg,F,fifth,10,16,26,46.06267269748507
20LE008,2020,LEVI,egg,F,pupa,303,26,329,502.1985343297189
20SI001,2020,SIAL,egg,M,first,5,0,5,5.57719831151422
20SI001,2020,SIAL,egg,M,second,6,5,11,23.185683760683762
20SI001,2020,SIAL,egg,M,third,3,11,14,10.30011999494758
20SI001,2020,SIAL,egg,M,fourth,4,14,18,10.544289714117301
20SI001,2020,SIAL,egg,M,fifth,11,18,29,35.26841908091908
20SI001,2020,SIAL,egg,M,pupa,348,29,377,668.0116566606362
20SI002,2020,SIAL,egg,F,first,7,0,7,18.590880893300252
20SI002,2020,SIAL,egg,F,second,3,7,10,19.47735042735043
20SI002,2020,SIAL,egg,F,third,5,10,15,16.559735379562966
20SI002,2020,SIAL,egg,F,fourth,6,15,21,16.474679487179486
20SI002,2020,SIAL,egg,F,fifth,9,21,30,29.19365213746773
20SI002,2020,SIAL,egg,F,pupa,359,30,389,677.7118998462854
20SI003,2020,SIAL,egg,NA,first,6,0,6,7.95219831151422
20SI003,2020,SIAL,egg,NA,death,4,6,10,21.50235042735043
20SI006,2020,SIAL,egg,F,first,6,0,6,17.01346153846154
20SI006,2020,SIAL,egg,F,second,4,6,10,21.932112332112332
20SI006,2020,SIAL,egg,F,third,3,10,13,7.961658456486042
20SI006,2020,SIAL,egg,F,fourth,5,13,18,14.80801282051282
20SI006,2020,SIAL,egg,F,fifth,9,18,27,28.067579116286012
20SI006,2020,SIAL,egg,F,pupa,352,27,379,671.012628538221
20SI007,2020,SIAL,egg,M,first,9,0,9,20.907326516642428
20SI007,2020,SIAL,egg,M,second,2,9,11,13.63888888888889
20SI007,2020,SIAL,egg,M,third,2,11,13,8.293223443223443
20SI007,2020,SIAL,egg,M,fourth,4,13,17,10.721273841101427
20SI007,2020,SIAL,egg,M,fifth,11,17,28,32.8738677988678
20SI007,2020,SIAL,egg,M,pupa,332,28,360,659.7981447558742
20SI012,2020,SIAL,egg,M,first,6,0,6,23.185683760683762
20SI012,2020,SIAL,egg,M,second,2,6,8,12.01068376068376
20SI012,2020,SIAL,egg,M,third,4,8,12,13.80011999494758
20SI012,2020,SIAL,egg,M,fourth,5,12,17,14.80801282051282
20SI012,2020,SIAL,egg,M,fifth,9,17,26,28.067579116286012
20SI012,2020,SIAL,egg,M,pupa,340,26,366,656.3945550122845
20SI013,2020,SIAL,egg,M,first,6,0,6,17.01346153846154
20SI013,2020,SIAL,egg,M,second,3,6,9,19.47735042735043
20SI013,2020,SIAL,egg,M,third,4,9,13,13.80011999494758
20SI013,2020,SIAL,egg,M,fourth,5,13,18,14.80801282051282
20SI013,2020,SIAL,egg,M,fifth,9,18,27,28.067579116286012
20SI013,2020,SIAL,egg,M,pupa,346,27,373,659.8305669170464
20SI014,2020,SIAL,egg,F,first,6,0,6,23.185683760683762
20SI014,2020,SIAL,egg,F,second,3,6,9,14.465445665445664
20SI014,2020,SIAL,egg,F,third,4,9,13,10.721273841101427
20SI014,2020,SIAL,egg,F,fourth,4,13,17,13.078846153846154
20SI014,2020,SIAL,egg,F,fifth,11,17,28,32.03948547080106
20SI014,2020,SIAL,egg,F,pupa,355,28,383,667.7692743636599
20SI015,2020,SIAL,egg,M,first,3,0,3,19.47735042735043
20SI015,2020,SIAL,egg,M,second,5,3,8,16.559735379562966
20SI015,2020,SIAL,egg,M,third,4,8,12,13.078846153846154
20SI015,2020,SIAL,egg,M,fourth,7,12,19,20.86168831168831
20SI015,2020,SIAL,egg,M,fifth,8,19,27,27.40268604800164
20SI015,2020,SIAL,egg,M,pupa,340,27,367,647.0320475357114
20SI016,2020,SIAL,egg,M,first,3,0,3,19.47735042735043
20SI016,2020,SIAL,egg,M,second,4,3,7,13.80011999494758
20SI016,2020,SIAL,egg,M,third,6,7,13,16.587179487179487
20SI016,2020,SIAL,egg,M,fourth,8,13,21,27.00091244961935
20SI016,2020,SIAL,egg,M,fifth,11,21,32,30.598882244197835
20SI016,2020,SIAL,egg,M,pupa,324,32,356,627.6070616569756
20SI017,2020,SIAL,egg,F,first,6,0,6,23.185683760683762
20SI017,2020,SIAL,egg,F,second,2,6,8,12.01068376068376
20SI017,2020,SIAL,egg,F,third,5,8,13,16.559735379562966
20SI017,2020,SIAL,egg,F,fourth,6,13,19,16.474679487179486
20SI017,2020,SIAL,egg,F,fifth,9,19,28,29.19365213746773
20SI017,2020,SIAL,egg,F,pupa,344,28,372,655.5634581637307
20SI018,2020,SIAL,egg,NA,death,5,0,5,24.965811965811966
20SI019,2020,SIAL,egg,M,first,5,0,5,24.965811965811966
20SI019,2020,SIAL,egg,M,second,4,5,9,13.80011999494758
20SI019,2020,SIAL,egg,M,third,5,9,14,14.80801282051282
20SI019,2020,SIAL,egg,M,fourth,6,14,20,14.261688311688312
20SI019,2020,SIAL,egg,M,fifth,9,20,29,30.669352714668307
20SI019,2020,SIAL,egg,M,pupa,334,29,363,643.5960356309496
20SI020,2020,SIAL,egg,M,first,4,0,4,19.12735042735043
20SI020,2020,SIAL,egg,M,second,3,4,7,10.30011999494758
20SI020,2020,SIAL,egg,M,third,6,7,13,17.519076038903627
20SI020,2020,SIAL,egg,M,fourth,6,13,19,15.2505772005772
20SI020,2020,SIAL,egg,M,fifth,9,19,28,30.126495571811166
20SI020,2020,SIAL,egg,M,pupa,333,28,361,645.3893689642829
20SI021,2020,SIAL,egg,F,first,6,0,6,27.340811965811966
20SI021,2020,SIAL,egg,F,second,2,6,8,10.30011999494758
20SI021,2020,SIAL,egg,F,third,4,8,12,10.544289714117301
20SI021,2020,SIAL,egg,F,fourth,5,12,17,13.715064102564103
20SI021,2020,SIAL,egg,F,fifth,9,17,26,29.19365213746773
20SI021,2020,SIAL,egg,F,pupa,343,26,369,655.1842914970641
20SI022,2020,SIAL,egg,F,first,7,0,7,23.185683760683762
20SI022,2020,SIAL,egg,F,second,3,7,10,14.465445665445664
20SI022,2020,SIAL,egg,F,third,1,10,11,4.461658456486042
20SI022,2020,SIAL,egg,F,fourth,6,11,17,17.519076038903627
20SI022,2020,SIAL,egg,F,fifth,8,17,25,25.117243867243868
20SI022,2020,SIAL,egg,F,pupa,338,25,363,667.1337216789511
20SI023,2020,SIAL,egg,NA,death,5,0,5,24.965811965811966
20SI026,2020,SIAL,egg,M,first,4,0,4,16.472342217169803
20SI026,2020,SIAL,egg,M,second,3,4,7,8.266511936339523
20SI026,2020,SIAL,egg,M,third,5,7,12,14.85801282051282
20SI026,2020,SIAL,egg,M,fourth,5,12,17,13.195021645021646
20SI026,2020,SIAL,egg,M,fifth,9,17,26,30.669352714668307
20SI026,2020,SIAL,egg,M,pupa,350,26,376,659.2378637356405
20SI027,2020,SIAL,egg,M,first,4,0,4,16.472342217169803
20SI027,2020,SIAL,egg,M,second,3,4,7,8.266511936339523
20SI027,2020,SIAL,egg,M,third,5,7,12,14.85801282051282
20SI027,2020,SIAL,egg,M,fourth,5,12,17,13.195021645021646
20SI027,2020,SIAL,egg,M,fifth,9,17,26,30.669352714668307
20SI027,2020,SIAL,egg,M,pupa,333,26,359,643.5960356309496
20SI028,2020,SIAL,egg,F,first,4,0,4,16.472342217169803
20SI028,2020,SIAL,egg,F,second,3,4,7,8.266511936339523
20SI028,2020,SIAL,egg,F,third,6,7,13,16.474679487179486
20SI028,2020,SIAL,egg,F,fourth,5,13,18,18.01585497835498
20SI028,2020,SIAL,egg,F,fifth,9,18,27,29.806389751705346
20SI028,2020,SIAL,egg,F,pupa,349,27,376,656.3878637356405
20SI029,2020,SIAL,egg,F,first,4,0,4,16.472342217169803
20SI029,2020,SIAL,egg,F,second,3,4,7,8.266511936339523
20SI029,2020,SIAL,egg,F,third,6,7,13,16.474679487179486
20SI029,2020,SIAL,egg,F,fourth,4,13,17,11.415854978354979
20SI029,2020,SIAL,egg,F,fifth,9,17,26,30.669352714668307
20SI029,2020,SIAL,egg,F,pupa,338,26,364,645.9814522976162
20SI030,2020,SIAL,egg,F,first,4,0,4,16.472342217169803
20SI030,2020,SIAL,egg,F,second,3,4,7,8.266511936339523
20SI030,2020,SIAL,egg,F,third,5,7,12,14.85801282051282
20SI030,2020,SIAL,egg,F,fourth,6,12,18,19.79502164502165
20SI030,2020,SIAL,egg,F,fifth,8,18,26,27.40268604800164
20SI030,2020,SIAL,egg,F,pupa,344,26,370,655.4874962536602
20SI031,2020,SIAL,egg,M,first,4,0,4,10.721273841101427
20SI031,2020,SIAL,egg,M,second,6,4,10,16.474679487179486
20SI031,2020,SIAL,egg,M,third,5,10,15,18.01585497835498
20SI031,2020,SIAL,egg,M,fourth,4,15,19,17.77779715911275
20SI031,2020,SIAL,egg,M,fifth,10,19,29,29.7960592051679
20SI031,2020,SIAL,egg,M,pupa,332,29,361,628.1810894347533
20SI032,2020,SIAL,egg,M,first,6,0,6,18.837513157340744
20SI032,2020,SIAL,egg,M,second,5,6,11,13.715064102564103
20SI032,2020,SIAL,egg,M,third,5,11,16,18.01585497835498
20SI032,2020,SIAL,egg,M,fourth,4,16,20,17.77779715911275
20SI032,2020,SIAL,egg,M,fifth,10,20,30,29.7960592051679
20SI032,2020,SIAL,egg,M,pupa,340,30,370,640.4137462940231
20SI033,2020,SIAL,egg,F,first,6,0,6,18.837513157340744
20SI033,2020,SIAL,egg,F,second,4,6,10,12.098397435897436
20SI033,2020,SIAL,egg,F,third,5,10,15,13.195021645021646
20SI033,2020,SIAL,egg,F,fourth,3,15,18,17.072557471264368
20SI033,2020,SIAL,egg,F,fifth,11,18,29,30.598882244197835
20SI033,2020,SIAL,egg,F,pupa,335,29,364,633.4205735617375
20SI034,2020,SIAL,egg,F,first,6,0,6,18.837513157340744
20SI034,2020,SIAL,egg,F,second,4,6,10,12.098397435897436
20SI034,2020,SIAL,egg,F,third,5,10,15,13.195021645021646
20SI034,2020,SIAL,egg,F,fourth,4,15,19,19.287942086648982
20SI034,2020,SIAL,egg,F,fifth,11,19,30,32.011443820552515
20SI034,2020,SIAL,egg,F,pupa,335,30,365,632.2586077497716
20SI035,2020,SIAL,egg,M,first,5,0,5,12.999051618879205
20SI035,2020,SIAL,egg,M,second,5,5,10,13.715064102564103
20SI035,2020,SIAL,egg,M,third,5,10,15,18.01585497835498
20SI035,2020,SIAL,egg,M,fourth,4,15,19,17.77779715911275
20SI035,2020,SIAL,egg,M,fifth,10,19,29,29.7960592051679
20SI035,2020,SIAL,egg,M,pupa,336,29,365,633.2663000574639
20SI036,2020,SIAL,egg,NA,death,5,0,5,12.999051618879205
20SI039,2020,SIAL,egg,F,first,5,0,5,13.80011999494758
20SI039,2020,SIAL,egg,F,second,4,5,9,13.741346153846154
20SI039,2020,SIAL,egg,F,third,5,9,14,12.943434343434342
20SI039,2020,SIAL,egg,F,fourth,4,14,18,19.41585497835498
20SI039,2020,SIAL,egg,F,fifth,10,18,28,29.293889751705343
20SI039,2020,SIAL,egg,F,pupa,347,28,375,651.2591600319369
20SI040,2020,SIAL,egg,M,first,4,0,4,16.472342217169803
20SI040,2020,SIAL,egg,M,second,3,4,7,8.266511936339523
20SI040,2020,SIAL,egg,M,third,5,7,12,14.85801282051282
20SI040,2020,SIAL,egg,M,fourth,5,12,17,13.195021645021646
20SI040,2020,SIAL,egg,M,fifth,9,17,26,30.669352714668307
20SI040,2020,SIAL,egg,M,pupa,329,26,355,641.2185356309495
20SI041,2020,SIAL,egg,M,first,5,0,5,13.80011999494758
20SI041,2020,SIAL,egg,M,second,6,5,11,16.587179487179487
20SI041,2020,SIAL,egg,M,third,5,11,16,13.195021645021646
20SI041,2020,SIAL,egg,M,fourth,4,16,20,19.287942086648982
20SI041,2020,SIAL,egg,M,fifth,10,20,30,28.5471581062668
20SI041,2020,SIAL,egg,M,pupa,332,30,362,631.9887283236422
20SI042,2020,SIAL,egg,NA,death,5,0,5,13.80011999494758
20SI043,2020,SIAL,egg,F,first,6,0,6,18.837513157340744
20SI043,2020,SIAL,egg,F,second,6,6,12,15.852564102564102
20SI043,2020,SIAL,egg,F,third,4,12,16,16.399188311688313
20SI043,2020,SIAL,egg,F,fourth,4,16,20,17.77779715911275
20SI043,2020,SIAL,egg,F,fifth,10,20,30,29.7960592051679
20SI043,2020,SIAL,egg,F,pupa,341,30,371,640.4504129606897
20SI044,2020,SIAL,egg,M,first,5,0,5,13.80011999494758
20SI044,2020,SIAL,egg,M,second,5,5,10,14.80801282051282
20SI044,2020,SIAL,egg,M,third,5,10,15,10.995021645021644
20SI044,2020,SIAL,egg,M,fourth,4,15,19,19.379700328407225
20SI044,2020,SIAL,egg,M,fifth,11,19,30,30.598882244197835
20SI044,2020,SIAL,egg,M,pupa,333,30,363,632.3699783236423
20SI045,2020,SIAL,egg,NA,death,5,0,5,13.80011999494758
20SI046,2020,SIAL,egg,M,first,6,0,6,19.972342217169803
20SI046,2020,SIAL,egg,M,second,3,6,9,9.485790598290599
20SI046,2020,SIAL,egg,M,third,5,9,14,13.574786324786324
20SI046,2020,SIAL,egg,M,fourth,5,14,19,21.55335497835498
20SI046,2020,SIAL,egg,M,fifth,9,19,28,25.931389751705343
20SI046,2020,SIAL,egg,M,pupa,338,28,366,641.7783438320077
20SI047,2020,SIAL,egg,M,first,3,0,3,14.465445665445664
20SI047,2020,SIAL,egg,M,second,4,3,7,10.721273841101427
20SI047,2020,SIAL,egg,M,third,5,7,12,14.85801282051282
20SI047,2020,SIAL,egg,M,fourth,6,12,18,19.79502164502165
20SI047,2020,SIAL,egg,M,fifth,9,18,27,29.806389751705346
20SI047,2020,SIAL,egg,M,pupa,347,27,374,655.4007758235526
20SI048,2020,SIAL,egg,F,first,5,0,5,12.999051618879205
20SI048,2020,SIAL,egg,F,second,5,5,10,13.715064102564103
20SI048,2020,SIAL,egg,F,third,6,10,16,23.17002164502165
20SI048,2020,SIAL,egg,F,fourth,5,16,21,15.244352714668306
20SI048,2020,SIAL,egg,F,fifth,9,21,30,29.519162466037464
20SI048,2020,SIAL,egg,F,pupa,349,30,379,650.1158406411174
20SI049,2020,SIAL,egg,NA,death,5,0,5,13.80011999494758
20SI050,2020,SIAL,egg,F,first,5,0,5,13.80011999494758
20SI050,2020,SIAL,egg,F,second,4,5,9,13.741346153846154
20SI050,2020,SIAL,egg,F,third,4,9,13,10.855555555555554
20SI050,2020,SIAL,egg,F,fourth,5,13,18,21.55335497835498
20SI050,2020,SIAL,egg,F,fifth,9,18,27,25.931389751705343
20SI050,2020,SIAL,egg,F,pupa,355,27,382,668.1851188478956
20SI051,2020,SIAL,egg,M,first,3,0,3,14.465445665445664
20SI051,2020,SIAL,egg,M,second,3,3,6,7.961658456486042
20SI051,2020,SIAL,egg,M,third,6,6,12,16.587179487179487
20SI051,2020,SIAL,egg,M,fourth,6,12,18,19.79502164502165
20SI051,2020,SIAL,egg,M,fifth,8,18,26,27.40268604800164
20SI051,2020,SIAL,egg,M,pupa,342,26,368,651.0666629203268
20SI052,2020,SIAL,egg,F,first,3,0,3,10.30011999494758
20SI052,2020,SIAL,egg,F,second,3,3,6,8.266511936339523
20SI052,2020,SIAL,egg,F,third,5,6,11,14.85801282051282
20SI052,2020,SIAL,egg,F,fourth,5,11,16,13.195021645021646
20SI052,2020,SIAL,egg,F,fifth,9,16,25,30.669352714668307
20SI052,2020,SIAL,egg,F,pupa,350,25,375,659.2378637356405
20SI053,2020,SIAL,egg,M,first,3,0,3,14.465445665445664
20SI053,2020,SIAL,egg,M,second,3,3,6,7.961658456486042
20SI053,2020,SIAL,egg,M,third,5,6,11,14.80801282051282
20SI053,2020,SIAL,egg,M,fourth,5,11,16,10.995021645021644
20SI053,2020,SIAL,egg,M,fifth,9,16,25,30.126495571811166
20SI053,2020,SIAL,egg,M,pupa,336,25,361,648.3085356309496
20SI054,2020,SIAL,egg,M,first,4,0,4,10.721273841101427
20SI054,2020,SIAL,egg,M,second,5,4,9,14.85801282051282
20SI054,2020,SIAL,egg,M,third,4,9,13,9.928354978354978
20SI054,2020,SIAL,egg,M,fourth,4,13,17,19.379700328407225
20SI054,2020,SIAL,egg,M,fifth,9,17,26,24.139723085038675
20SI054,2020,SIAL,egg,M,pupa,341,26,367,647.5087925499564
20SI055,2020,SIAL,egg,F,first,5,0,5,15.512179487179488
20SI055,2020,SIAL,egg,F,second,4,5,9,10.855555555555554
20SI055,2020,SIAL,egg,F,third,4,9,13,16.399188311688313
20SI055,2020,SIAL,egg,F,fourth,5,13,18,19.01379715911275
20SI055,2020,SIAL,egg,F,fifth,9,18,27,28.039537466037466
20SI055,2020,SIAL,egg,F,pupa,344,27,371,641.4375008727777
20SI056,2020,SIAL,egg,M,first,6,0,6,17.519076038903627
20SI056,2020,SIAL,egg,M,second,4,6,10,10.855555555555554
20SI056,2020,SIAL,egg,M,third,4,10,14,16.399188311688313
20SI056,2020,SIAL,egg,M,fourth,4,14,18,17.77779715911275
20SI056,2020,SIAL,egg,M,fifth,10,18,28,29.7960592051679
20SI056,2020,SIAL,egg,M,pupa,334,28,362,629.2316846728486
20SI057,2020,SIAL,egg,M,first,6,0,6,16.578846153846154
20SI057,2020,SIAL,egg,M,second,6,6,12,14.261688311688312
20SI057,2020,SIAL,egg,M,third,2,12,14,15.020833333333336
20SI057,2020,SIAL,egg,M,fourth,6,14,20,17.952686048001638
20SI057,2020,SIAL,egg,M,fifth,9,20,29,28.967773577148577
20SI057,2020,SIAL,egg,M,pupa,310,29,339,610.0568517973907
20SI058,2020,SIAL,egg,M,first,6,0,6,15.2505772005772
20SI058,2020,SIAL,egg,M,second,3,6,9,17.327976190476193
20SI058,2020,SIAL,egg,M,third,4,9,13,12.41379715911275
20SI058,2020,SIAL,egg,M,fourth,5,13,18,14.753592592592593
20SI058,2020,SIAL,egg,M,fifth,10,18,28,32.019088188463186
20SI058,2020,SIAL,egg,M,pupa,319,28,347,608.4332437387826
20SI060,2020,SIAL,egg,F,first,5,0,5,14.85801282051282
20SI060,2020,SIAL,egg,F,second,4,5,9,9.928354978354978
20SI060,2020,SIAL,egg,F,third,4,9,13,19.379700328407225
20SI060,2020,SIAL,egg,F,fourth,5,13,18,12.798519381334973
20SI060,2020,SIAL,egg,F,fifth,9,18,27,28.967773577148577
20SI060,2020,SIAL,egg,F,pupa,337,27,364,632.6588355797373
20SI064,2020,SIAL,egg,F,first,7,0,7,24.949188311688314
20SI064,2020,SIAL,egg,F,second,3,7,10,11.17779715911275
20SI064,2020,SIAL,egg,F,third,5,10,15,13.785114331723028
20SI064,2020,SIAL,egg,F,fourth,5,15,20,18.414648577148576
20SI064,2020,SIAL,egg,F,fifth,8,20,28,26.87027849166962
20SI064,2020,SIAL,egg,F,pupa,329,28,357,613.2397043614933
20SI066,2020,SIAL,egg,F,first,6,0,6,15.852564102564102
20SI066,2020,SIAL,egg,F,second,5,6,11,21.55335497835498
20SI066,2020,SIAL,egg,F,third,3,11,14,11.17779715911275
20SI066,2020,SIAL,egg,F,fourth,5,14,19,13.785114331723028
20SI066,2020,SIAL,egg,F,fifth,11,19,30,34.42279189216689
20SI066,2020,SIAL,egg,F,pupa,315,30,345,601.9018334823724
20SI071,2020,SIAL,egg,NA,first,6,0,6,14.261688311688312
20SI071,2020,SIAL,egg,NA,second,3,6,9,17.072557471264368
20SI071,2020,SIAL,egg,NA,third,5,9,14,12.798519381334973
20SI071,2020,SIAL,egg,NA,fourth,4,14,18,14.049537037037037
20SI071,2020,SIAL,egg,NA,fifth,10,18,28,32.52742152179652
20SI071,2020,SIAL,egg,NA,death,327,28,355,609.7592556435445
20SI073,2020,SIAL,egg,NA,death,5,0,5,13.715064102564103
20SI074,2020,SIAL,egg,NA,first,6,0,6,14.261688311688312
20SI074,2020,SIAL,egg,NA,second,4,6,10,19.287942086648982
20SI074,2020,SIAL,egg,NA,third,5,10,15,13.596795243403939
20SI074,2020,SIAL,egg,NA,fourth,5,15,20,17.800362862862862
20SI074,2020,SIAL,egg,NA,fifth,9,20,29,31.059167380558506
20SI074,2020,SIAL,egg,NA,death,327,29,356,609.5528453871343
20SI075,2020,SIAL,egg,NA,first,6,0,6,14.261688311688312
20SI075,2020,SIAL,egg,NA,second,4,6,10,19.287942086648982
20SI075,2020,SIAL,egg,NA,death,4,10,14,10.74679524340394
20SI076,2020,SIAL,egg,F,first,6,0,6,14.261688311688312
20SI076,2020,SIAL,egg,F,second,4,6,10,19.287942086648982
20SI076,2020,SIAL,egg,F,third,4,10,14,10.74679524340394
20SI076,2020,SIAL,egg,F,fourth,5,14,19,16.319807307307308
20SI076,2020,SIAL,egg,F,fifth,9,19,28,29.164921521796522
20SI076,2020,SIAL,egg,F,pupa,330,28,358,616.4730376948266
20SI078,2020,SIAL,egg,M,first,6,0,6,14.261688311688312
20SI078,2020,SIAL,egg,M,second,5,6,11,21.044463825779417
20SI078,2020,SIAL,egg,M,third,3,11,14,8.531410628019325
20SI078,2020,SIAL,egg,M,fourth,5,14,19,16.319807307307308
20SI078,2020,SIAL,egg,M,fifth,9,19,28,29.164921521796522
20SI078,2020,SIAL,egg,M,pupa,319,28,347,605.4082437387826
20SI080,2020,SIAL,egg,M,first,5,0,5,21.55335497835498
20SI080,2020,SIAL,egg,M,second,3,5,8,11.17779715911275
20SI080,2020,SIAL,egg,M,third,4,8,12,11.381410628019324
20SI080,2020,SIAL,egg,M,fourth,5,12,17,17.800362862862862
20SI080,2020,SIAL,egg,M,fifth,9,17,26,31.059167380558506
20SI080,2020,SIAL,egg,M,pupa,317,26,343,602.1749104054493
20SI081,2020,SIAL,egg,F,first,7,0,7,24.949188311688314
20SI081,2020,SIAL,egg,F,second,5,7,12,15.244352714668306
20SI081,2020,SIAL,egg,F,third,4,12,16,13.517592592592592
20SI081,2020,SIAL,egg,F,fourth,6,16,22,21.00573654011154
20SI081,2020,SIAL,egg,F,fifth,9,22,31,34.894913231929365
20SI081,2020,SIAL,egg,F,pupa,306,31,337,580.516105232128
20SI082,2020,SIAL,egg,NA,death,5,0,5,21.55335497835498
20SI083,2020,SIAL,egg,F,first,7,0,7,25.82046373167063
20SI083,2020,SIAL,egg,F,second,4,7,11,10.74679524340394
20SI083,2020,SIAL,egg,F,third,4,11,15,14.049537037037037
20SI083,2020,SIAL,egg,F,fourth,6,15,21,20.957659617034615
20SI083,2020,SIAL,egg,F,fifth,8,21,29,32.6157465652627
20SI083,2020,SIAL,egg,F,pupa,329,29,358,603.4847556811413
20SI084,2020,SIAL,egg,M,first,6,0,6,15.2505772005772
20SI084,2020,SIAL,egg,M,second,5,6,11,21.59508494379184
20SI084,2020,SIAL,egg,M,third,4,11,15,10.74679524340394
20SI084,2020,SIAL,egg,M,fourth,4,15,19,14.049537037037037
20SI084,2020,SIAL,egg,M,fifth,10,19,29,32.52742152179652
20SI084,2020,SIAL,egg,M,pupa,315,29,344,601.5893334823724
20SI087,2020,SIAL,egg,F,first,7,0,7,24.949188311688314
20SI087,2020,SIAL,egg,F,second,6,7,13,17.952686048001638
20SI087,2020,SIAL,egg,F,third,6,13,19,20.508696196196198
20SI087,2020,SIAL,egg,F,fourth,6,19,25,20.636317918192915
20SI087,2020,SIAL,egg,F,fifth,8,25,33,38.22478502680116
20SI087,2020,SIAL,egg,F,pupa,298,33,331,566.3418298698092
20SI088,2020,SIAL,egg,M,first,6,0,6,19.79502164502165
20SI088,2020,SIAL,egg,M,second,4,6,10,17.77779715911275
20SI088,2020,SIAL,egg,M,third,5,10,15,13.785114331723028
20SI088,2020,SIAL,egg,M,fourth,5,15,20,18.414648577148576
20SI088,2020,SIAL,egg,M,fifth,9,20,29,32.158157279548405
20SI088,2020,SIAL,egg,M,pupa,318,29,347,598.925394276417
20SI089,2020,SIAL,egg,F,first,7,0,7,25.439485470801063
20SI089,2020,SIAL,egg,F,second,3,7,10,8.531410628019325
20SI089,2020,SIAL,egg,F,third,5,10,15,16.319807307307308
20SI089,2020,SIAL,egg,F,fourth,5,15,20,17.595159617034614
20SI089,2020,SIAL,egg,F,fifth,9,20,29,38.0532465652627
20SI089,2020,SIAL,egg,F,pupa,330,29,359,599.3755890144747
20SI090,2020,SIAL,egg,M,first,7,0,7,25.439485470801063
20SI090,2020,SIAL,egg,M,second,3,7,10,8.531410628019325
20SI090,2020,SIAL,egg,M,third,3,10,13,10.687037037037037
20SI090,2020,SIAL,egg,M,fourth,5,13,18,18.726569873444873
20SI090,2020,SIAL,egg,M,fifth,9,18,27,33.464704898596025
20SI090,2020,SIAL,egg,M,pupa,316,27,343,592.7225154885383
20SI091,2020,SIAL,egg,NA,first,6,0,6,15.648519381334973
20SI091,2020,SIAL,egg,NA,second,4,6,10,13.611473973973974
20SI091,2020,SIAL,egg,NA,third,4,10,14,14.918236540111538
20SI091,2020,SIAL,egg,NA,fourth,5,14,19,16.525851648351647
20SI091,2020,SIAL,egg,NA,fifth,8,19,27,40.706652751668884
20SI091,2020,SIAL,egg,NA,death,327,27,354,583.5676274760132
20SI092,2020,SIAL,egg,F,first,6,0,6,23.351606682922274
20SI092,2020,SIAL,egg,F,second,3,6,9,8.531410628019325
20SI092,2020,SIAL,egg,F,third,5,9,14,16.319807307307308
20SI092,2020,SIAL,egg,F,fourth,4,14,18,14.918236540111538
20SI092,2020,SIAL,egg,F,fifth,9,18,27,34.894913231929365
20SI092,2020,SIAL,egg,F,pupa,323,27,350,592.3026940599668
20SI093,2020,SIAL,egg,F,first,4,0,4,11.381410628019324
20SI093,2020,SIAL,egg,F,second,6,4,10,21.264648577148577
20SI093,2020,SIAL,egg,F,third,4,10,14,13.726000457875456
20SI093,2020,SIAL,egg,F,fourth,5,14,19,21.02215682167295
20SI093,2020,SIAL,egg,F,fifth,8,19,27,42.50956086506086
20SI093,2020,SIAL,egg,F,pupa,318,27,345,567.4545259687987
20SI094,2020,SIAL,egg,F,first,2,0,2,13.805890804597702
20SI094,2020,SIAL,egg,F,second,4,2,6,10.09018604800164
20SI094,2020,SIAL,egg,F,third,4,6,10,13.517592592592592
20SI094,2020,SIAL,egg,F,fourth,5,10,15,18.726569873444873
20SI094,2020,SIAL,egg,F,fifth,9,15,24,33.464704898596025
20SI094,2020,SIAL,egg,F,pupa,334,24,358,609.2793435932293
20SI096,2020,SIAL,egg,NA,first,5,0,5,13.596795243403939
20SI096,2020,SIAL,egg,NA,second,4,5,9,13.611473973973974
20SI096,2020,SIAL,egg,NA,third,4,9,13,14.918236540111538
20SI096,2020,SIAL,egg,NA,fourth,5,13,18,16.525851648351647
20SI096,2020,SIAL,egg,NA,fifth,9,18,27,45.331652751668884
20SI096,2020,SIAL,egg,NA,death,327,27,354,580.5405619489476
20SI097,2020,SIAL,egg,M,first,6,0,6,17.952686048001638
20SI097,2020,SIAL,egg,M,second,5,6,11,16.319807307307308
20SI097,2020,SIAL,egg,M,third,3,11,14,12.639069873444871
20SI097,2020,SIAL,egg,M,fourth,6,14,20,19.24147664835165
20SI097,2020,SIAL,egg,M,fifth,8,20,28,40.706652751668884
20SI097,2020,SIAL,egg,M,pupa,316,28,344,570.9170539500767
20SI098,2020,SIAL,egg,M,first,5,0,5,15.244352714668306
20SI098,2020,SIAL,egg,M,second,4,5,9,13.517592592592592
20SI098,2020,SIAL,egg,M,third,4,9,13,16.01094487344487
20SI098,2020,SIAL,egg,M,fourth,6,13,19,19.472429029304028
20SI098,2020,SIAL,egg,M,fifth,6,19,25,30.064894916911047
20SI098,2020,SIAL,egg,M,pupa,321,25,346,587.7776940599668
20SI099,2020,SIAL,egg,M,first,6,0,6,21.844352714668307
20SI099,2020,SIAL,egg,M,second,4,6,10,13.517592592592592
20SI099,2020,SIAL,egg,M,third,5,10,15,18.726569873444873
20SI099,2020,SIAL,egg,M,fourth,5,15,20,16.008143315018316
20SI099,2020,SIAL,egg,M,fifth,9,20,29,43.73165275166888
20SI099,2020,SIAL,egg,M,pupa,308,29,337,566.53538728341
20SI100,2020,SIAL,egg,M,first,5,0,5,19.01379715911275
20SI100,2020,SIAL,egg,M,second,4,5,9,12.028592592592593
20SI100,2020,SIAL,egg,M,third,5,9,14,18.414648577148576
20SI100,2020,SIAL,egg,M,fourth,4,14,18,13.726000457875456
20SI100,2020,SIAL,egg,M,fifth,10,18,28,45.746785026801156
20SI100,2020,SIAL,egg,M,pupa,321,28,349,580.3078222650951
20SI101,2020,SIAL,egg,M,first,6,0,6,15.648519381334973
20SI101,2020,SIAL,egg,M,second,4,6,10,13.611473973973974
20SI101,2020,SIAL,egg,M,third,3,10,13,12.639069873444871
20SI101,2020,SIAL,egg,M,fourth,5,13,18,16.008143315018316
20SI101,2020,SIAL,egg,M,fifth,8,18,26,40.435356455372585
20SI101,2020,SIAL,egg,M,pupa,327,26,353,588.4996274760132
20SI102,2020,SIAL,egg,F,first,6,0,6,22.28046382577942
20SI102,2020,SIAL,egg,F,second,4,6,10,12.028592592592593
20SI102,2020,SIAL,egg,F,third,5,10,15,18.414648577148576
20SI102,2020,SIAL,egg,F,fourth,5,15,20,16.447429029304026
20SI102,2020,SIAL,egg,F,fifth,8,20,28,38.22478502680116
20SI102,2020,SIAL,egg,F,pupa,322,28,350,585.7462838035566
20SI103,2020,SIAL,egg,F,first,6,0,6,23.351606682922274
20SI103,2020,SIAL,egg,F,second,3,6,9,8.531410628019325
20SI103,2020,SIAL,egg,F,third,5,9,14,16.319807307307308
20SI103,2020,SIAL,egg,F,fourth,6,14,20,20.185159617034614
20SI103,2020,SIAL,egg,F,fifth,8,20,28,35.37632348833962
20SI103,2020,SIAL,egg,F,pupa,328,28,356,599.3389223478081
20SI105,2020,SIAL,egg,M,first,7,0,7,25.439485470801063
20SI105,2020,SIAL,egg,M,second,3,7,10,8.531410628019325
20SI105,2020,SIAL,egg,M,third,4,10,14,14.049537037037037
20SI105,2020,SIAL,egg,M,fourth,5,14,19,18.28073654011154
20SI105,2020,SIAL,egg,M,fifth,9,19,28,34.894913231929365
20SI105,2020,SIAL,egg,M,pupa,312,28,340,586.489182155205
20SI106,2020,SIAL,egg,M,first,7,0,7,25.439485470801063
20SI106,2020,SIAL,egg,M,second,3,7,10,8.531410628019325
20SI106,2020,SIAL,egg,M,third,4,10,14,14.049537037037037
20SI106,2020,SIAL,egg,M,fourth,4,14,18,16.001569873444872
20SI106,2020,SIAL,egg,M,fifth,8,18,26,28.693871565262693
20SI106,2020,SIAL,egg,M,pupa,311,26,337,590.7039840200068
20SI107,2020,SIAL,egg,M,first,5,0,5,15.244352714668306
20SI107,2020,SIAL,egg,M,second,4,5,9,13.517592592592592
20SI107,2020,SIAL,egg,M,third,4,9,13,16.01094487344487
20SI107,2020,SIAL,egg,M,fourth,5,13,18,16.447429029304026
20SI107,2020,SIAL,egg,M,fifth,8,18,26,38.22478502680116
20SI107,2020,SIAL,egg,M,pupa,312,26,338,578.3683488218716
20SI108,2020,SIAL,egg,F,first,6,0,6,15.648519381334973
20SI108,2020,SIAL,egg,F,second,5,6,11,17.800362862862862
20SI108,2020,SIAL,egg,F,third,4,11,15,15.324889346764344
20SI108,2020,SIAL,egg,F,fourth,4,15,19,14.246684981684982
20SI108,2020,SIAL,egg,F,fifth,9,19,28,45.331652751668884
20SI108,2020,SIAL,egg,F,pupa,337,28,365,599.692711241097
20SI109,2020,SIAL,egg,M,first,6,0,6,16.000498947107644
20SI109,2020,SIAL,egg,M,second,2,6,8,8.491203703703704
20SI109,2020,SIAL,egg,M,third,5,8,13,18.28073654011154
20SI109,2020,SIAL,egg,M,fourth,5,13,18,16.525851648351647
20SI109,2020,SIAL,egg,M,fifth,8,18,26,40.706652751668884
20SI109,2020,SIAL,egg,M,pupa,310,26,336,567.99788728341
20SI110,2020,SIAL,egg,M,first,6,0,6,15.648519381334973
20SI110,2020,SIAL,egg,M,second,3,6,9,11.341203703703703
20SI110,2020,SIAL,egg,M,third,3,9,12,13.285944873444873
20SI110,2020,SIAL,egg,M,fourth,6,12,18,19.472429029304028
20SI110,2020,SIAL,egg,M,fifth,9,18,27,43.73165275166888
20SI110,2020,SIAL,egg,M,pupa,314,27,341,570.9170539500767
20SI111,2020,SIAL,egg,M,first,6,0,6,21.844352714668307
20SI111,2020,SIAL,egg,M,second,3,6,9,10.792592592592593
20SI111,2020,SIAL,egg,M,third,5,9,14,18.414648577148576
20SI111,2020,SIAL,egg,M,fourth,4,14,18,13.726000457875456
20SI111,2020,SIAL,egg,M,fifth,9,18,27,40.81478502680116
20SI111,2020,SIAL,egg,M,pupa,311,27,338,578.2683488218715
20SI112,2020,SIAL,egg,F,first,7,0,7,24.55268604800164
20SI112,2020,SIAL,egg,F,second,3,7,10,10.687037037037037
20SI112,2020,SIAL,egg,F,third,6,10,16,21.00573654011154
20SI112,2020,SIAL,egg,F,fourth,5,16,21,16.525851648351647
20SI113,2020,SIAL,egg,F,first,7,0,7,23.97298191048191
20SI113,2020,SIAL,egg,F,second,2,7,9,8.45907738095238
20SI113,2020,SIAL,egg,F,third,4,9,13,13.292518315018315
20SI113,2020,SIAL,egg,F,fourth,4,13,17,20.481561583577715
20SI113,2020,SIAL,egg,F,fifth,9,17,26,45.43193848743849
20SI113,2020,SIAL,egg,F,pupa,326,26,352,568.6474051057908
20SI115,2020,SIAL,egg,M,first,7,0,7,23.40944024381524
20SI115,2020,SIAL,egg,M,second,4,7,11,13.292518315018315
20SI115,2020,SIAL,egg,M,third,4,11,15,20.481561583577715
20SI115,2020,SIAL,egg,M,fourth,4,15,19,24.724628205128205
20SI115,2020,SIAL,egg,M,fifth,9,19,28,38.32700869500869
20SI115,2020,SIAL,egg,M,pupa,313,28,341,546.4456487349215
20SI116,2020,SIAL,egg,F,first,2,0,2,8.491203703703704
20SI116,2020,SIAL,egg,F,second,4,2,6,16.001569873444872
20SI116,2020,SIAL,egg,F,third,5,6,11,16.008143315018316
20SI116,2020,SIAL,egg,F,fourth,5,11,16,24.627394916911047
20SI116,2020,SIAL,egg,F,fifth,8,16,24,40.66110515410516
20SI116,2020,SIAL,egg,F,pupa,331,24,355,580.7900305884162
20SI117,2020,SIAL,egg,M,first,5,0,5,17.595159617034614
20SI117,2020,SIAL,egg,M,second,4,5,9,14.246684981684982
20SI117,2020,SIAL,egg,M,third,4,9,13,21.602394916911045
20SI117,2020,SIAL,egg,M,fourth,5,13,18,27.875091168091167
20SI117,2020,SIAL,egg,M,fifth,9,18,27,38.144545732045735
20SI117,2020,SIAL,egg,M,pupa,304,27,331,533.2428785884014
20SI118,2020,SIAL,egg,M,first,5,0,5,14.753592592592593
20SI118,2020,SIAL,egg,M,second,4,5,9,16.01094487344487
20SI118,2020,SIAL,egg,M,third,5,9,14,16.447429029304026
20SI118,2020,SIAL,egg,M,fourth,4,14,18,18.43215682167295
20SI118,2020,SIAL,egg,M,fifth,9,18,27,45.91981727531728
20SI118,2020,SIAL,egg,M,pupa,306,27,333,555.4008334113562
20SI119,2020,SIAL,egg,M,first,5,0,5,14.753592592592593
20SI119,2020,SIAL,egg,M,second,4,5,9,16.01094487344487
20SI119,2020,SIAL,egg,M,third,4,9,13,13.726000457875456
20SI119,2020,SIAL,egg,M,fourth,5,13,18,21.02215682167295
20SI119,2020,SIAL,egg,M,fifth,8,18,26,42.50956086506086
20SI119,2020,SIAL,egg,M,pupa,335,26,361,592.1468779077636
20SI120,2020,SIAL,egg,F,first,5,0,5,18.726569873444873
20SI120,2020,SIAL,egg,F,second,5,5,10,16.008143315018316
20SI120,2020,SIAL,egg,F,third,4,10,14,20.481561583577715
20SI120,2020,SIAL,egg,F,fourth,4,14,18,24.724628205128205
20SI120,2020,SIAL,egg,F,fifth,10,18,28,42.60617536167536
20SI120,2020,SIAL,egg,F,pupa,319,28,347,550.4418495502352
20SI121,2020,SIAL,egg,M,first,5,0,5,16.319807307307308
20SI121,2020,SIAL,egg,M,second,4,5,9,14.918236540111538
20SI121,2020,SIAL,egg,M,third,5,9,14,16.525851648351647
20SI121,2020,SIAL,egg,M,fourth,4,14,18,21.602394916911045
20SI121,2020,SIAL,egg,M,fifth,8,18,26,40.66110515410516
20SI121,2020,SIAL,egg,M,pupa,310,26,336,555.0097436677664
20SI123,2020,SIAL,egg,F,first,6,0,6,21.130273577148575
20SI123,2020,SIAL,egg,F,second,4,6,10,12.983143315018314
20SI123,2020,SIAL,egg,F,third,4,10,14,18.43215682167295
20SI123,2020,SIAL,egg,F,fourth,4,14,18,25.080506993006992
20SI123,2020,SIAL,egg,F,fifth,8,18,26,38.211105154105155
20SI123,2020,SIAL,egg,F,pupa,334,26,360,592.9466972550829
20SI124,2020,SIAL,egg,NA,first,6,0,6,21.00573654011154
20SI124,2020,SIAL,egg,NA,second,5,6,11,16.525851648351647
20SI124,2020,SIAL,egg,NA,third,3,11,14,17.456561583577713
20SI124,2020,SIAL,egg,NA,fourth,4,14,18,24.724628205128205
20SI124,2020,SIAL,egg,NA,fifth,11,18,29,46.37284202834203
20SI124,2020,SIAL,egg,NA,death,327,29,356,562.3939988423846
20SI125,2020,SIAL,egg,F,first,8,0,8,25.931588188463188
20SI125,2020,SIAL,egg,F,second,3,8,11,15.71072825024438
20SI125,2020,SIAL,egg,F,third,4,11,15,25.080506993006992
20SI125,2020,SIAL,egg,F,fourth,5,15,20,26.27777182077182
20SI125,2020,SIAL,egg,F,fifth,9,20,29,36.52750027750028
20SI125,2020,SIAL,egg,F,pupa,316,29,345,537.8335162169019
20SI126,2020,SIAL,egg,M,first,7,0,7,22.906588188463186
20SI126,2020,SIAL,egg,M,second,4,7,11,18.43215682167295
20SI126,2020,SIAL,egg,M,third,4,11,15,25.080506993006992
20SI126,2020,SIAL,egg,M,fourth,5,15,20,26.27777182077182
20SI126,2020,SIAL,egg,M,fifth,9,20,29,36.52750027750028
20SI126,2020,SIAL,egg,M,pupa,313,29,342,537.5276187810044
20SI127,2020,SIAL,egg,F,first,10,0,10,32.019088188463186
20SI127,2020,SIAL,egg,F,second,3,10,13,15.71072825024438
20SI127,2020,SIAL,egg,F,third,4,13,17,25.080506993006992
20SI127,2020,SIAL,egg,F,fourth,4,17,21,22.86751541051541
20SI127,2020,SIAL,egg,F,fifth,9,21,30,38.082045732045735
20SI127,2020,SIAL,egg,F,pupa,315,30,345,542.1267854476712
20SI128,2020,SIAL,egg,F,first,5,0,5,16.008143315018316
20SI128,2020,SIAL,egg,F,second,4,5,9,20.481561583577715
20SI128,2020,SIAL,egg,F,third,3,9,12,19.792628205128207
20SI128,2020,SIAL,egg,F,fourth,5,12,17,26.27777182077182
20SI128,2020,SIAL,egg,F,fifth,8,17,25,33.50628815628816
20SI128,2020,SIAL,egg,F,pupa,322,25,347,550.9231655090512
20SI129,2020,SIAL,egg,M,first,6,0,6,23.699079898596025
20SI129,2020,SIAL,egg,M,second,3,6,9,19.642045454545453
20SI129,2020,SIAL,egg,M,third,5,9,14,28.30501541051541
20SI129,2020,SIAL,egg,M,fourth,4,14,18,19.91934731934732
20SI129,2020,SIAL,egg,M,fifth,9,18,27,36.29463074507192
20SI129,2020,SIAL,egg,M,pupa,299,27,326,513.4842795893612
20SI130,2020,SIAL,egg,M,first,6,0,6,19.24147664835165
20SI130,2020,SIAL,egg,M,second,4,6,10,21.602394916911045
20SI130,2020,SIAL,egg,M,third,6,10,16,32.450848743848745
20SI130,2020,SIAL,egg,M,fourth,2,16,18,12.786013986013987
20SI130,2020,SIAL,egg,M,fifth,8,18,26,33.11724386724387
20SI130,2020,SIAL,egg,M,pupa,304,26,330,524.9137119217347
20SI132,2020,SIAL,egg,F,first,5,0,5,18.41120111071724
20SI132,2020,SIAL,egg,F,second,3,5,8,18.36906158357771
20SI132,2020,SIAL,egg,F,third,4,8,12,23.250091168091167
20SI132,2020,SIAL,egg,F,fourth,5,12,17,24.000643615643618
20SI132,2020,SIAL,egg,F,fifth,9,17,26,36.72546407840525
20SI132,2020,SIAL,egg,F,pupa,321,26,347,543.7086841570698
20SI135,2020,SIAL,egg,NA,first,5,0,5,21.02215682167295
20SI135,2020,SIAL,egg,NA,death,4,5,9,25.080506993006992
20SI136,2020,SIAL,egg,M,first,5,0,5,21.02215682167295
20SI136,2020,SIAL,egg,M,second,4,5,9,25.080506993006992
20SI136,2020,SIAL,egg,M,third,4,9,13,22.86751541051541
20SI136,2020,SIAL,egg,M,fourth,4,13,17,19.91934731934732
20SI136,2020,SIAL,egg,M,fifth,9,17,26,36.29463074507192
20SI136,2020,SIAL,egg,M,pupa,305,26,331,517.9430479043795
20SI137,2020,SIAL,egg,F,first,5,0,5,18.41120111071724
20SI137,2020,SIAL,egg,F,second,3,5,8,18.36906158357771
20SI137,2020,SIAL,egg,F,third,4,8,12,23.250091168091167
20SI137,2020,SIAL,egg,F,fourth,4,12,16,20.70731028231028
20SI137,2020,SIAL,egg,F,fifth,9,16,25,37.08134643134643
20SI137,2020,SIAL,egg,F,pupa,312,25,337,534.5064066597923
20SI138,2020,SIAL,egg,M,first,5,0,5,21.02215682167295
20SI138,2020,SIAL,egg,M,second,4,5,9,25.080506993006992
20SI138,2020,SIAL,egg,M,third,3,9,12,18.291757834757835
20SI138,2020,SIAL,egg,M,fourth,5,12,17,24.54434731934732
20SI138,2020,SIAL,egg,M,fifth,9,17,26,36.29463074507192
20SI138,2020,SIAL,egg,M,pupa,295,26,321,510.56511292269454
20SI139,2020,SIAL,egg,F,first,5,0,5,18.41120111071724
20SI139,2020,SIAL,egg,F,second,4,5,9,23.80656158357771
20SI139,2020,SIAL,egg,F,third,3,9,12,19.104257834757835
20SI139,2020,SIAL,egg,F,fourth,5,12,17,24.000643615643618
20SI139,2020,SIAL,egg,F,fifth,9,17,26,36.72546407840525
20SI139,2020,SIAL,egg,F,pupa,321,26,347,543.7086841570698
20SI140,2020,SIAL,egg,NA,first,5,0,5,29.24502312203925
20SI140,2020,SIAL,egg,NA,second,4,5,9,22.86751541051541
20SI140,2020,SIAL,egg,NA,third,3,9,12,16.07934731934732
20SI140,2020,SIAL,egg,NA,fourth,5,12,17,20.733531746031744
20SI140,2020,SIAL,egg,NA,fifth,8,17,25,36.22330488139312
20SI140,2020,SIAL,egg,NA,death,327,25,352,565.9556030937266
20SI141,2020,SIAL,egg,NA,first,5,0,5,24.627394916911047
20SI141,2020,SIAL,egg,NA,death,4,5,9,23.250091168091167
20SI143,2020,SIAL,egg,F,first,7,0,7,28.46991323192936
20SI143,2020,SIAL,egg,F,second,4,7,11,24.724628205128205
20SI143,2020,SIAL,egg,F,third,3,11,14,17.42905387205387
20SI143,2020,SIAL,egg,F,fourth,5,14,19,22.01656954156954
20SI143,2020,SIAL,egg,F,fifth,8,19,27,32.454630745071924
20SI143,2020,SIAL,egg,F,pupa,324,27,351,551.1562331766777
20SI144,2020,SIAL,egg,F,first,5,0,5,24.627394916911047
20SI144,2020,SIAL,egg,F,second,3,5,8,19.953794871794873
20SI144,2020,SIAL,egg,F,third,4,8,12,20.839310282310283
20SI144,2020,SIAL,egg,F,fourth,4,12,16,17.440811965811967
20SI144,2020,SIAL,egg,F,fifth,8,16,24,32.454630745071924
20SI144,2020,SIAL,egg,F,pupa,313,24,337,526.4040838845284
20SI155,2020,SIAL,egg,M,first,5,0,5,25.639310282310284
20SI155,2020,SIAL,egg,M,second,3,5,8,14.030555555555555
20SI155,2020,SIAL,egg,M,third,4,8,12,18.16269841269841
20SI155,2020,SIAL,egg,M,fourth,4,12,16,18.85443233237351
20SI155,2020,SIAL,egg,M,fifth,8,16,24,45.734405866277065
20SI155,2020,SIAL,egg,M,pupa,308,24,332,489.38034901392234
20SI157,2020,SIAL,egg,F,first,5,0,5,24.000643615643618
20SI157,2020,SIAL,egg,F,second,4,5,9,16.96686507936508
20SI157,2020,SIAL,egg,F,third,4,9,13,19.593648018648018
20SI157,2020,SIAL,egg,F,fourth,4,13,17,19.318759426847663
20SI157,2020,SIAL,egg,F,fifth,8,17,25,54.93890288247485
20SI157,2020,SIAL,egg,F,pupa,304,25,329,471.6667018277751
20SI160,2020,SIAL,egg,M,first,5,0,5,26.27777182077182
20SI160,2020,SIAL,egg,M,second,3,5,8,15.343589743589744
20SI160,2020,SIAL,egg,M,third,4,8,12,17.440198412698415
20SI160,2020,SIAL,egg,M,fourth,4,12,16,19.758598999040174
20SI160,2020,SIAL,egg,M,fifth,8,16,24,44.35428108909346
20SI160,2020,SIAL,egg,M,pupa,321,24,345,539.8531349520343
20SI162,2020,SIAL,egg,M,first,4,0,4,20.839310282310283
20SI162,2020,SIAL,egg,M,second,4,4,8,17.440811965811967
20SI162,2020,SIAL,egg,M,third,3,8,11,13.600198412698413
20SI162,2020,SIAL,egg,M,fourth,5,11,16,22.62109899904018
20SI162,2020,SIAL,egg,M,fifth,7,16,23,39.910163442034644
20SI162,2020,SIAL,egg,M,pupa,304,23,327,492.20385633992964
20SI163,2020,SIAL,egg,F,first,5,0,5,26.27777182077182
20SI163,2020,SIAL,egg,F,second,6,5,11,25.17712148962149
20SI163,2020,SIAL,egg,F,third,4,11,15,19.593648018648018
20SI163,2020,SIAL,egg,F,fourth,6,15,21,29.581259426847666
20SI163,2020,SIAL,egg,F,fifth,9,21,30,61.46967211324408
20SI163,2020,SIAL,egg,F,pupa,272,30,302,430.6326580040206
20SI173,2020,SIAL,egg,NA,first,5,0,5,21.76686507936508
20SI173,2020,SIAL,egg,NA,second,5,5,10,24.037765665706843
20SI173,2020,SIAL,egg,NA,third,5,10,15,25.617156862745098
20SI173,2020,SIAL,egg,NA,fourth,9,15,24,61.46967211324408
20SI173,2020,SIAL,egg,NA,death,8,24,32,60.697240259740255
20SI187,2020,SIAL,egg,F,first,5,0,5,21.76686507936508
20SI187,2020,SIAL,egg,F,second,4,5,9,19.593648018648018
20SI187,2020,SIAL,egg,F,third,3,9,12,14.485426093514329
20SI187,2020,SIAL,egg,F,fourth,4,12,16,23.4415736984449
20SI187,2020,SIAL,egg,F,fifth,8,16,24,56.761338779910744
20SI187,2020,SIAL,egg,F,pupa,297,24,321,453.60130845303394
20SI191,2020,SIAL,egg,NA,first,6,0,6,25.023910533910534
20SI191,2020,SIAL,egg,NA,second,4,6,10,17.50663821472645
20SI191,2020,SIAL,egg,NA,third,4,10,14,23.4415736984449
20SI191,2020,SIAL,egg,NA,fourth,4,14,18,34.28219998392412
20SI191,2020,SIAL,egg,NA,fifth,9,18,27,65.66842451027233
20SI191,2020,SIAL,egg,NA,death,327,27,354,527.8591689680406
20SI233,2020,SIAL,egg,F,first,5,0,5,27.875091168091167
20SI233,2020,SIAL,egg,F,second,3,5,8,17.411013986013987
20SI233,2020,SIAL,egg,F,third,4,8,12,17.487698412698414
20SI233,2020,SIAL,egg,F,fourth,4,12,16,19.086688311688313
20SI233,2020,SIAL,egg,F,fifth,9,16,25,45.36042910774148
20SI233,2020,SIAL,egg,F,pupa,307,25,332,500.10001018608347
20SI235,2020,SIAL,egg,M,first,4,0,4,23.250091168091167
20SI235,2020,SIAL,egg,M,second,4,4,8,20.70731028231028
20SI235,2020,SIAL,egg,M,third,4,8,12,17.487698412698414
20SI235,2020,SIAL,egg,M,fourth,4,12,16,19.086688311688313
20SI235,2020,SIAL,egg,M,fifth,9,16,25,45.36042910774148
20SI235,2020,SIAL,egg,M,pupa,312,25,337,508.6271594782328
20SI236,2020,SIAL,egg,F,first,6,0,6,31.71527182077182
20SI236,2020,SIAL,egg,F,second,5,6,11,20.897954822954823
20SI236,2020,SIAL,egg,F,third,5,11,16,23.050790875790877
20SI236,2020,SIAL,egg,F,fourth,5,16,21,24.87292609351433
20SI236,2020,SIAL,egg,F,fifth,8,21,29,56.924800318372284
20SI236,2020,SIAL,egg,F,pupa,302,29,331,465.38797511970057
