imb_id,rearing_year,host_plant,collection_date,collection_stage,hatch_date,date_instar_2,date_instar_3,date_instar_4,date_instar_5,pupation_date,overall_survival,stage_at_death,release_year,eclosure_date,release_date,sex
13BR001,2013,BRRA,2013-06-10,first,NA,2013-06-13,2013-06-17,2013-06-22,NA,2013-06-26,Y,NA,NA,NA,NA,NA
13BR002,2013,BRRA,2013-06-11,egg,2013-06-12,2013-06-17,2013-06-21,NA,NA,2013-06-29,Y,NA,NA,NA,NA,NA
13BR003a,2013,BRRA,2013-06-10,egg,2013-06-11,2013-06-15,2013-06-19,NA,NA,2013-06-29,Y,NA,NA,NA,NA,NA
13BR003b,2013,BRRA,2013-06-11,egg,2013-06-12,2013-06-16,2013-06-19,NA,NA,2013-06-29,Y,NA,NA,NA,NA,NA
13BR004,2013,BRRA,2013-06-10,first,NA,2013-06-13,2013-06-17,NA,NA,2013-06-29,Y,NA,NA,NA,NA,NA
13BR006,2013,BRRA,NA,NA,NA,NA,NA,NA,NA,2013-07-05,Y,NA,NA,NA,NA,NA
13BR009,2013,BRRA,NA,NA,NA,NA,NA,NA,NA,2013-07-08,Y,NA,NA,NA,NA,NA
13BR010,2013,BRRA,NA,NA,NA,NA,NA,NA,NA,2013-07-07,Y,NA,NA,NA,NA,NA
13BR011,2013,BRRA,NA,NA,NA,NA,NA,NA,NA,2013-07-03,Y,NA,NA,NA,NA,NA
13BR012,2013,BRRA,NA,NA,NA,NA,NA,NA,NA,2013-07-04,Y,NA,NA,NA,NA,NA
13BR013,2013,BRRA,NA,NA,NA,NA,NA,NA,NA,2013-07-08,Y,NA,NA,NA,NA,NA
13BR014,2013,BRRA,NA,NA,NA,NA,NA,NA,NA,2013-07-02,Y,NA,NA,NA,NA,NA
13BR039,2013,BRRA,NA,NA,NA,NA,NA,NA,NA,2013-07-05,Y,NA,NA,NA,NA,NA
13SI001,2013,SIAL,2013-06-08,egg,2013-06-11,2013-06-17,NA,NA,NA,2013-07-01,Y,NA,NA,NA,NA,NA
13SI002,2013,SIAL,2013-06-11,first,NA,2013-06-15,2013-06-19,NA,NA,2013-06-29,Y,NA,NA,NA,NA,NA
13SI004,2013,SIAL,2013-06-11,egg,2013-06-15,2013-06-19,NA,NA,NA,2013-07-04,Y,NA,NA,NA,NA,NA
13SI006,2013,SIAL,2013-06-11,second,NA,NA,2013-06-17,2013-06-21,NA,2013-06-25,Y,NA,NA,NA,NA,NA
13SI007,2013,SIAL,2013-06-11,egg,2013-06-15,2013-06-19,NA,NA,NA,2013-06-26,Y,NA,NA,NA,NA,NA
13SI008,2013,SIAL,2013-06-11,second,NA,NA,2013-06-14,2013-06-18,2013-06-19,2013-06-25,Y,NA,NA,NA,NA,NA
13SI009,2013,SIAL,2013-06-11,first,NA,2013-06-12,2013-06-19,NA,NA,2013-06-27,Y,NA,NA,NA,NA,NA
13SI010,2013,SIAL,2013-06-11,egg,2013-06-13,2013-06-17,NA,NA,NA,2013-06-29,Y,NA,NA,NA,NA,NA
13SI011,2013,SIAL,2013-06-11,egg,2013-06-12,2013-06-17,2013-06-19,NA,NA,2013-06-29,Y,NA,NA,NA,NA,NA
13SI012,2013,SIAL,2013-06-11,egg,2013-06-12,2013-06-17,NA,NA,NA,2013-06-29,Y,NA,NA,NA,NA,NA
13SI013,2013,SIAL,2013-06-11,first,NA,2013-06-12,2013-06-17,NA,NA,2013-06-29,Y,NA,NA,NA,NA,NA
13SI014,2013,SIAL,2013-06-11,egg,2013-06-12,2013-06-15,2013-06-17,2013-06-19,NA,2013-06-29,NA,NA,NA,NA,NA,NA
13SI015,2013,SIAL,2013-06-11,egg,2013-06-13,2013-06-17,2013-06-19,NA,NA,2013-07-02,Y,NA,NA,NA,NA,NA
13SI016,2013,SIAL,2013-06-11,first,NA,2013-06-15,2013-06-17,2013-06-19,NA,2013-06-26,Y,NA,NA,NA,NA,NA
13SI017,2013,SIAL,2013-06-11,second,NA,NA,2013-06-16,2013-06-17,NA,2013-06-25,Y,NA,NA,NA,NA,NA
13SI018,2013,SIAL,2013-06-11,egg,2013-06-13,2013-06-17,2013-06-19,NA,NA,2013-06-29,NA,NA,NA,NA,NA,NA
13SI021,2013,SIAL,2013-06-11,egg,2013-06-13,2013-06-19,NA,NA,NA,2013-07-01,Y,NA,NA,NA,NA,NA
13SI022,2013,SIAL,2013-06-11,third,NA,NA,NA,2013-06-16,2013-06-17,2013-06-22,Y,NA,NA,NA,NA,NA
13SI023,2013,SIAL,2013-06-11,first,NA,2013-06-12,2013-06-18,2013-06-19,NA,2013-06-27,Y,NA,NA,NA,NA,NA
13SI024,2013,SIAL,2013-06-11,egg,2013-06-14,2013-06-19,NA,NA,NA,2013-07-04,Y,NA,NA,NA,NA,NA
13SI025,2013,SIAL,2013-06-11,second,NA,NA,2013-06-17,2013-06-19,2013-06-21,2013-06-25,Y,NA,NA,NA,NA,NA
13SI028,2013,SIAL,2013-06-11,egg,2013-06-15,2013-06-19,NA,NA,NA,2013-07-04,Y,NA,NA,NA,NA,NA
13SI029,2013,SIAL,2013-06-14,first,NA,2013-06-18,NA,NA,NA,2013-07-03,Y,NA,NA,NA,NA,NA
13SI031,2013,SIAL,2013-06-14,egg,2013-06-15,2013-06-18,NA,NA,NA,2013-07-04,Y,NA,NA,NA,NA,NA
13SI033,2013,SIAL,NA,NA,NA,NA,NA,NA,NA,2013-07-04,Y,NA,NA,NA,NA,NA
13SI035,2013,SIAL,NA,NA,NA,NA,NA,NA,NA,2013-07-09,Y,NA,NA,NA,NA,NA
13SI036,2013,SIAL,NA,NA,NA,NA,NA,NA,NA,2013-07-11,Y,NA,NA,NA,NA,NA
13SI037,2013,SIAL,NA,NA,NA,NA,NA,NA,NA,2013-07-09,Y,NA,NA,NA,NA,NA
13SI038,2013,SIAL,NA,NA,NA,NA,NA,NA,NA,2013-07-06,Y,NA,NA,NA,NA,NA
14BR013,2014,BRRA,2014-06-09,fourth,NA,NA,NA,NA,2014-06-11,2014-06-20,Y,NA,NA,NA,NA,NA
14BR021,2014,BRRA,2014-06-09,first,NA,2014-06-12,2014-06-16,2014-06-23,2014-06-27,2014-07-05,Y,NA,NA,NA,NA,NA
14BR030,2014,BRRA,2014-06-09,egg,2014-06-16,2014-06-20,2014-06-27,2014-07-01,2014-07-06,2014-07-11,Y,NA,NA,NA,NA,NA
14BR031,2014,BRRA,2014-06-09,egg,2014-06-16,2014-06-20,2014-06-30,2014-07-01,2014-07-06,2014-07-11,Y,NA,NA,NA,NA,NA
14SI011,2014,SIAL,2014-06-04,third,NA,NA,NA,2014-06-06,2014-06-07,2014-06-12,Y,NA,NA,NA,NA,NA
14SI024,2014,SIAL,2014-06-02,fourth,NA,NA,NA,NA,NA,2014-06-07,Y,NA,NA,NA,NA,NA
14SI033,2014,SIAL,2014-06-03,fourth,NA,NA,NA,NA,NA,2014-06-09,Y,NA,NA,NA,NA,NA
14SI035,2014,SIAL,2014-06-19,first,NA,2014-06-20,2014-06-24,2014-06-28,2014-07-02,2014-07-09,Y,NA,NA,NA,NA,NA
15BR032,2015,BRRA,2015-06-17,egg,2015-06-18,2015-06-22,2015-06-26,2015-06-30,2015-07-03,2015-07-04,Y,NA,NA,NA,NA,NA
15BR046,2015,BRRA,2015-06-17,egg,2015-06-18,2015-06-22,2015-06-29,2015-07-03,2015-07-07,2015-07-12,N,pupa,NA,NA,NA,NA
15SI001,2015,SIAL,2015-04-30,egg,2015-05-11,2015-05-16,2015-05-20,2015-05-24,2015-05-28,2015-06-06,Y,NA,NA,NA,NA,NA
15SI012,2015,SIAL,2015-05-11,first,NA,2015-05-15,2015-05-18,2015-05-23,2015-05-28,2015-06-06,Y,NA,NA,NA,NA,NA
15SI032,2015,SIAL,2015-05-27,second,NA,NA,2015-05-31,2015-06-03,2015-06-08,2015-06-15,Y,NA,NA,NA,NA,NA
15SI033,2015,SIAL,2015-05-27,third,NA,NA,NA,2015-06-01,2015-06-05,2015-06-11,Y,NA,NA,NA,NA,NA
15SI047,2015,SIAL,2015-06-09,first,NA,2015-06-10,2015-06-15,2015-06-21,2015-06-24,2015-06-29,Y,NA,NA,NA,NA,NA
16BR018,2016,BRRA,2016-05-06,egg,2016-05-10,2016-05-14,2016-05-23,2016-05-30,2016-06-07,2016-06-12,N,fifth,NA,NA,NA,NA
16BR020,2016,BRRA,2016-05-06,egg,2016-05-10,2016-05-14,2016-05-17,2016-05-26,2016-05-31,2016-06-06,N,pupa,NA,NA,NA,NA
16BR023,2016,BRRA,2016-05-10,egg,2016-05-15,2016-05-20,2016-05-27,2016-05-31,2016-06-05,2016-06-10,N,pupa,NA,NA,NA,NA
16BR029,2016,BRRA,2016-05-10,egg,2016-05-14,2016-05-17,2016-05-23,2016-05-28,2016-06-03,2016-06-09,Y,NA,NA,NA,NA,NA
16BR060,2016,BRRA,2016-05-29,egg,2016-06-01,2016-06-07,2016-06-10,2016-06-13,2016-06-17,2016-06-26,Y,NA,NA,NA,NA,NA
16BR063,2016,BRRA,2016-05-29,egg,2016-05-30,2016-06-06,2016-06-10,2016-06-17,2016-06-23,2016-06-24,N,pupa,NA,NA,NA,NA
16LE003,2016,LEVI,2016-05-25,egg,2016-05-31,2016-06-07,2016-06-10,2016-06-13,2016-06-17,2016-06-24,Y,NA,NA,NA,NA,NA
16LE006,2016,LEVI,2016-05-25,second,NA,NA,2016-06-02,2016-06-07,2016-06-12,2016-06-18,Y,NA,NA,NA,NA,NA
16SI004,2016,SIAL,2016-05-02,egg,2016-05-04,2016-05-09,2016-05-12,2016-05-15,2016-05-17,2016-06-02,Y,NA,NA,NA,NA,NA
16SI006,2016,SIAL,2016-05-02,egg,2016-05-06,2016-05-10,2016-05-13,2016-05-15,2016-05-26,2016-06-11,N,pupa,NA,NA,NA,NA
16SI048,2016,SIAL,2016-05-25,second,NA,NA,2016-05-27,2016-05-31,2016-06-05,2016-06-11,Y,NA,NA,NA,NA,NA
16SI074,2016,SIAL,2016-06-12,second,NA,NA,2016-06-17,2016-06-22,2016-06-27,2016-07-04,Y,NA,2017,NA,NA,NA
16SI088,2016,SIAL,2016-06-19,fifth,NA,NA,NA,NA,NA,2016-06-25,Y,NA,NA,NA,NA,NA
17BR006,2017,BRRA,2017-05-09,egg,2017-05-20,2017-05-26,2017-05-29,2017-06-03,2017-06-10,2017-06-17,Y,NA,NA,NA,NA,NA
17BR007,2017,BRRA,2017-05-09,egg,2017-05-20,2017-05-25,2017-05-28,2017-06-03,2017-06-10,2017-06-17,Y,NA,NA,NA,NA,NA
17BR012,2017,BRRA,2017-05-09,egg,2017-05-19,2017-05-25,2017-05-29,2017-06-03,2017-06-10,2017-06-19,Y,NA,NA,NA,NA,NA
17BR014,2017,BRRA,2017-05-09,egg,2017-05-19,2017-05-25,2017-05-29,2017-06-03,2017-06-10,2017-06-17,Y,NA,NA,NA,NA,NA
17BR015,2017,BRRA,2017-05-09,egg,2017-05-19,2017-05-26,2017-05-30,2017-06-03,2017-06-10,2017-06-19,Y,NA,NA,NA,NA,NA
17BR016,2017,BRRA,2017-05-09,egg,2017-05-20,2017-05-25,2017-05-29,2017-06-03,2017-06-10,2017-06-17,N,pupa,NA,NA,NA,NA
17BR024,2017,BRRA,2017-05-09,egg,2017-05-17,2017-05-23,2017-05-28,2017-06-01,2017-06-06,2017-06-14,Y,NA,NA,NA,NA,NA
17BR028,2017,BRRA,2017-05-09,egg,2017-05-20,2017-05-24,2017-05-30,2017-06-05,2017-06-10,2017-06-20,Y,NA,NA,NA,NA,NA
17BR030,2017,BRRA,2017-05-09,egg,2017-05-20,2017-05-25,2017-05-29,2017-06-02,2017-06-07,2017-06-17,Y,NA,NA,NA,NA,NA
17BR033,2017,BRRA,2017-05-18,egg,2017-05-25,2017-05-30,2017-06-01,2017-06-06,2017-06-11,2017-06-21,Y,NA,NA,NA,NA,NA
17BR035,2017,BRRA,2017-05-18,egg,2017-05-20,2017-05-25,2017-05-28,2017-06-03,2017-06-09,2017-06-17,Y,NA,NA,NA,NA,NA
17BR039,2017,BRRA,2017-05-18,egg,2017-05-23,2017-05-26,2017-05-31,2017-06-03,2017-06-08,2017-06-18,Y,NA,NA,NA,NA,NA
17BR041,2017,BRRA,2017-05-18,egg,2017-05-24,2017-05-30,2017-06-02,2017-06-06,2017-06-10,2017-06-20,Y,NA,NA,NA,NA,NA
17BR044,2017,BRRA,2017-05-18,egg,2017-05-21,2017-05-25,2017-05-29,2017-06-02,2017-06-09,2017-06-15,Y,NA,NA,NA,NA,NA
17BR046,2017,BRRA,2017-05-22,egg,2017-05-26,2017-05-31,2017-06-04,2017-06-11,2017-06-15,2017-06-24,Y,NA,NA,NA,NA,NA
17BR048,2017,BRRA,2017-05-22,first,NA,2017-05-27,2017-06-01,2017-06-03,2017-06-07,2017-06-18,Y,NA,NA,NA,NA,NA
17BR049,2017,BRRA,2017-05-22,egg,2017-05-25,2017-05-30,2017-06-07,2017-06-10,2017-06-14,2017-06-23,Y,NA,NA,NA,NA,NA
17BR050,2017,BRRA,2017-05-22,egg,2017-05-25,2017-05-30,2017-06-03,2017-06-07,2017-06-11,2017-06-19,Y,NA,NA,NA,NA,NA
17BR051,2017,BRRA,2017-05-22,egg,2017-05-24,2017-05-30,2017-06-01,2017-06-07,2017-06-11,2017-06-20,Y,NA,NA,NA,NA,NA
17BR052,2017,BRRA,2017-05-22,egg,2017-05-25,2017-06-01,2017-06-03,2017-06-08,2017-06-14,2017-06-23,Y,NA,NA,NA,NA,NA
17BR055,2017,BRRA,2017-05-22,egg,2017-05-26,2017-05-30,2017-06-05,2017-06-09,2017-06-14,2017-06-22,Y,NA,NA,NA,NA,NA
17BR057,2017,BRRA,2017-05-22,egg,2017-05-26,2017-05-29,2017-06-03,2017-06-07,2017-06-10,2017-06-19,Y,NA,NA,NA,NA,NA
17BR065,2017,BRRA,2017-05-27,egg,2017-06-01,2017-06-05,2017-06-08,2017-06-12,2017-06-16,2017-06-25,N,pupa,NA,NA,NA,NA
17BR067,2017,BRRA,2017-05-27,first,NA,2017-06-03,2017-06-07,2017-06-11,2017-06-16,2017-06-25,Y,NA,NA,NA,NA,NA
17BR070,2017,BRRA,2017-05-27,first,NA,2017-06-03,2017-06-08,2017-06-13,2017-06-17,2017-06-24,Y,NA,NA,NA,NA,NA
17BR073,2017,BRRA,2017-05-27,egg,2017-06-02,2017-06-07,2017-06-12,2017-06-17,2017-06-20,2017-06-29,Y,NA,NA,NA,NA,NA
17BR075,2017,BRRA,2017-05-27,egg,2017-06-03,2017-06-07,2017-06-12,2017-06-16,2017-06-22,2017-06-29,Y,NA,NA,NA,NA,NA
17BR078,2017,BRRA,2017-05-30,egg,2017-06-05,2017-06-11,2017-06-16,2017-06-18,2017-06-22,2017-06-29,Y,NA,NA,NA,NA,NA
17BR084,2017,BRRA,2017-06-02,first,NA,2017-06-08,2017-06-11,2017-06-15,2017-06-20,2017-06-26,Y,NA,NA,NA,NA,NA
17BR086,2017,BRRA,2017-06-02,egg,2017-06-06,2017-06-11,2017-06-16,2017-06-21,2017-06-24,2017-07-04,Y,NA,NA,NA,NA,NA
17BR089,2017,BRRA,2017-06-02,egg,2017-06-09,2017-06-12,2017-06-17,2017-06-23,2017-06-27,2017-07-06,Y,NA,NA,NA,NA,NA
17BR096,2017,BRRA,2017-06-19,second,NA,NA,2017-06-24,2017-06-28,2017-07-01,2017-07-11,Y,NA,NA,NA,NA,NA
17BR099,2017,BRRA,2017-06-19,egg,2017-06-22,2017-06-29,2017-06-30,2017-07-03,2017-07-07,2017-07-16,Y,NA,NA,NA,NA,NA
17BR101,2017,BRRA,2017-06-19,egg,2017-06-21,2017-06-25,2017-06-28,2017-07-01,2017-07-07,2017-07-16,Y,NA,NA,NA,NA,NA
17BR105,2017,BRRA,2017-06-26,fourth,NA,NA,NA,NA,2017-06-29,2017-07-07,Y,NA,NA,NA,NA,NA
17LE001,2017,LEVI,2017-05-26,egg,2017-05-29,2017-06-03,2017-06-10,2017-06-13,2017-06-17,2017-06-25,Y,NA,NA,NA,NA,NA
17LE004,2017,LEVI,2017-05-26,egg,2017-05-29,2017-06-01,2017-06-08,2017-06-13,2017-06-16,2017-06-25,Y,NA,NA,NA,NA,NA
17LE005,2017,LEVI,2017-05-26,egg,2017-06-01,2017-06-05,2017-06-11,2017-06-16,2017-06-20,2017-06-28,Y,NA,NA,NA,NA,NA
17LE011,2017,LEVI,2017-06-09,egg,2017-06-14,2017-06-20,2017-06-24,2017-06-29,2017-07-01,2017-07-12,Y,NA,NA,NA,NA,NA
17LE014,2017,LEVI,2017-06-13,egg,2017-06-16,2017-06-22,2017-06-24,2017-06-28,2017-07-02,2017-07-13,Y,NA,NA,NA,NA,NA
17LE018,2017,LEVI,2017-06-17,egg,2017-06-20,2017-06-26,2017-06-29,2017-07-02,2017-07-07,2017-07-17,Y,NA,NA,NA,NA,NA
17LE019,2017,LEVI,2017-06-17,egg,2017-06-24,2017-06-30,2017-07-03,2017-07-07,2017-07-11,2017-07-24,Y,NA,NA,NA,NA,NA
17LE020,2017,LEVI,2017-06-17,first,NA,2017-06-22,2017-06-25,2017-06-30,2017-07-04,2017-07-15,Y,NA,NA,NA,NA,NA
17LE021,2017,LEVI,2017-06-17,egg,2017-06-20,2017-06-26,2017-06-29,2017-07-03,2017-07-08,2017-07-18,Y,NA,NA,NA,NA,NA
17LE022,2017,LEVI,2017-06-17,first,NA,2017-06-22,2017-06-24,2017-06-27,2017-07-01,2017-07-11,Y,NA,NA,NA,NA,NA
17LE025,2017,LEVI,2017-06-17,egg,2017-06-18,2017-06-22,2017-06-24,2017-06-27,2017-07-02,2017-07-12,Y,NA,NA,NA,NA,NA
17LE029,2017,LEVI,2017-06-23,first,NA,2017-06-28,2017-07-01,2017-07-06,2017-07-09,2017-07-24,Y,NA,NA,NA,NA,NA
17SI001,2017,SIAL,2017-05-05,egg,2017-05-13,2017-05-22,2017-05-24,2017-05-28,2017-06-03,2017-06-11,Y,NA,NA,NA,NA,NA
17SI003,2017,SIAL,2017-05-05,egg,2017-05-13,2017-05-22,2017-05-24,2017-05-29,2017-06-02,2017-06-12,Y,NA,NA,NA,NA,NA
17SI006,2017,SIAL,2017-05-05,egg,2017-05-12,2017-05-22,2017-05-24,2017-05-28,2017-06-01,2017-06-12,Y,NA,NA,NA,NA,NA
17SI007,2017,SIAL,2017-05-05,egg,2017-05-12,2017-05-22,2017-05-24,2017-05-28,2017-06-03,2017-06-11,Y,NA,NA,NA,NA,NA
17SI008,2017,SIAL,2017-05-05,egg,2017-05-13,2017-05-21,2017-05-23,2017-05-28,2017-05-31,2017-06-11,Y,NA,NA,NA,NA,NA
17SI011,2017,SIAL,2017-05-10,egg,2017-05-20,2017-05-26,2017-05-30,2017-06-03,2017-06-09,2017-06-19,Y,NA,NA,NA,NA,NA
17SI014,2017,SIAL,2017-05-10,egg,2017-05-20,2017-05-26,2017-06-01,2017-06-05,2017-06-11,2017-06-22,Y,NA,NA,NA,NA,NA
17SI019,2017,SIAL,2017-05-15,egg,2017-05-19,2017-05-26,2017-05-28,2017-06-01,2017-06-07,2017-06-16,Y,NA,NA,NA,NA,NA
17SI020,2017,SIAL,2017-05-15,egg,2017-05-21,2017-05-26,2017-06-02,2017-06-08,2017-06-12,2017-06-21,Y,NA,NA,NA,NA,NA
17SI022,2017,SIAL,2017-05-15,egg,2017-05-21,2017-05-27,2017-05-31,2017-06-07,2017-06-10,2017-06-21,Y,NA,NA,NA,NA,NA
17SI024,2017,SIAL,2017-05-17,egg,2017-05-20,2017-05-26,2017-06-01,2017-06-05,2017-06-10,2017-06-20,Y,NA,NA,NA,NA,NA
17SI032,2017,SIAL,2017-05-18,egg,2017-05-25,2017-05-29,2017-06-06,2017-06-08,2017-06-13,2017-06-22,Y,NA,NA,NA,NA,NA
17SI034,2017,SIAL,2017-05-18,egg,2017-05-21,2017-05-28,2017-05-31,2017-06-06,2017-06-08,2017-06-19,Y,NA,NA,NA,NA,NA
17SI035,2017,SIAL,2017-05-18,egg,2017-05-22,2017-05-25,2017-05-31,2017-06-04,2017-06-10,2017-06-20,Y,NA,NA,NA,NA,NA
17SI036,2017,SIAL,2017-05-18,egg,2017-05-21,2017-05-26,2017-05-30,2017-06-03,2017-06-08,2017-06-18,Y,NA,NA,NA,NA,NA
17SI040,2017,SIAL,2017-06-09,egg,2017-06-14,2017-06-20,2017-06-24,2017-06-27,2017-07-01,2017-07-10,Y,NA,NA,NA,NA,NA
17SI042,2017,SIAL,2017-06-09,egg,2017-06-15,2017-06-21,2017-06-24,2017-06-27,2017-07-02,2017-07-11,Y,NA,NA,NA,NA,NA
17SI043,2017,SIAL,2017-06-09,egg,2017-06-16,2017-06-22,2017-06-24,2017-06-28,2017-07-02,2017-07-12,Y,NA,NA,NA,NA,NA
17SI045,2017,SIAL,2017-06-09,egg,2017-06-12,2017-06-17,2017-06-21,2017-06-24,2017-06-29,2017-07-09,Y,NA,NA,NA,NA,NA
17SI046,2017,SIAL,2017-06-09,egg,2017-06-14,2017-06-18,2017-06-24,2017-06-28,2017-07-01,2017-07-10,Y,NA,NA,NA,NA,NA
17SI047,2017,SIAL,2017-06-09,egg,2017-06-13,2017-06-21,2017-06-24,2017-06-27,2017-06-30,2017-07-08,Y,NA,NA,NA,NA,NA
17SI048,2017,SIAL,2017-06-09,first,NA,2017-06-15,2017-06-19,2017-06-23,2017-06-27,2017-07-05,Y,NA,NA,NA,NA,NA
17SI049,2017,SIAL,2017-06-09,egg,2017-06-11,2017-06-15,2017-06-21,2017-06-24,2017-06-28,2017-07-07,Y,NA,NA,NA,NA,NA
17SI054,2017,SIAL,2017-06-13,egg,2017-06-16,2017-06-21,2017-06-24,2017-06-28,2017-07-02,2017-07-11,Y,NA,NA,NA,NA,NA
17SI056,2017,SIAL,2017-06-13,egg,2017-06-18,2017-06-24,2017-06-28,2017-07-01,2017-07-06,2017-07-17,Y,NA,NA,NA,NA,NA
17SI057,2017,SIAL,2017-06-13,first,NA,2017-06-15,2017-06-19,2017-06-24,2017-06-29,2017-07-08,Y,NA,NA,NA,NA,NA
17SI060,2017,SIAL,2017-06-13,first,NA,2017-06-15,2017-06-20,2017-06-24,2017-06-26,2017-07-06,Y,NA,NA,NA,NA,NA
17SI062,2017,SIAL,2017-06-13,egg,2017-06-14,2017-06-19,2017-06-24,2017-06-27,2017-07-02,2017-07-12,Y,NA,NA,NA,NA,NA
17SI063,2017,SIAL,2017-06-13,egg,2017-06-20,2017-06-25,2017-06-28,2017-07-02,2017-07-07,2017-07-16,Y,NA,NA,NA,NA,NA
17SI066,2017,SIAL,2017-06-17,egg,2017-06-21,2017-06-27,2017-06-30,2017-07-04,2017-07-09,2017-07-18,Y,NA,NA,NA,NA,NA
17SI069,2017,SIAL,2017-06-17,second,NA,NA,2017-06-21,2017-06-24,2017-06-28,2017-07-05,Y,NA,NA,NA,NA,NA
17SI070,2017,SIAL,2017-06-17,first,NA,2017-06-21,2017-06-24,2017-06-27,2017-06-30,2017-07-11,Y,NA,NA,NA,NA,NA
17SI072,2017,SIAL,2017-06-17,egg,2017-06-19,2017-06-24,2017-06-27,2017-07-01,2017-07-06,2017-07-15,Y,NA,NA,NA,NA,NA
17SI073,2017,SIAL,2017-06-17,egg,2017-06-19,2017-06-24,2017-06-27,2017-07-01,2017-07-06,2017-07-15,Y,NA,NA,NA,NA,NA
18BR008,2018,BRRA,2018-05-19,egg,2018-05-22,2018-05-28,2018-05-31,2018-06-04,2018-06-09,2018-06-19,Y,NA,NA,NA,NA,NA
18BR009,2018,BRRA,2018-05-19,egg,2018-05-22,2018-05-26,2018-05-31,2018-06-04,2018-06-09,2018-06-18,Y,NA,NA,NA,NA,NA
18BR012,2018,BRRA,2018-05-19,egg,2018-05-22,2018-05-25,2018-06-02,2018-06-07,2018-06-12,2018-06-22,Y,NA,2019,NA,NA,NA
18SI020a,2018,SIAL,2018-05-18,egg,2018-05-20,2018-05-25,2018-05-30,2018-06-03,2018-06-08,2018-06-18,Y,NA,NA,NA,NA,NA
18SI020b,2018,SIAL,NA,first,NA,NA,NA,NA,NA,2018-07-17,N,NA,NA,NA,NA,NA
18SI092,2018,SIAL,2018-06-20,egg,2018-06-25,2018-07-02,2018-07-06,2018-07-09,2018-07-13,2018-07-20,Y,NA,NA,NA,NA,NA
18SI097,2018,SIAL,2018-06-20,egg,2018-06-22,2018-06-27,2018-07-02,2018-07-06,2018-07-09,2018-07-16,Y,NA,2019,NA,NA,NA
18SI128,2018,SIAL,2018-07-04,second,NA,NA,2018-07-07,2018-07-10,2018-07-13,2018-07-21,Y,NA,NA,NA,NA,NA
18AR01,2018,ARGL,2018-06-04,egg,2018-06-10,2018-06-16,2018-06-19,2018-06-25,2018-06-29,2018-07-07,Y,NA,NA,NA,NA,NA
18AR02,2018,ARGL,2018-06-04,egg,2018-06-11,2018-06-18,2018-06-20,2018-06-25,2018-07-01,2018-07-09,Y,NA,NA,NA,NA,NA
18AR03,2018,ARGL,2018-06-04,egg,2018-06-11,2018-06-18,2018-06-24,2018-06-28,2018-07-06,2018-07-13,Y,NA,NA,NA,NA,NA
18AR04,2018,ARGL,2018-06-04,egg,2018-06-11,2018-06-17,2018-06-20,2018-06-25,2018-07-01,2018-07-09,Y,NA,NA,NA,NA,NA
18AR06,2018,ARGL,2018-06-04,egg,2018-06-17,2018-06-20,2018-06-25,2018-06-29,2018-07-02,2018-07-10,NA,NA,NA,NA,NA,NA
19LE017a,2019,LEVI,2019-06-06,egg,2019-06-10,NA,NA,NA,NA,2019-07-07,Y,NA,NA,NA,NA,NA
19LE020,2019,LEVI,2019-06-06,egg,2019-06-10,2019-06-16,2019-06-19,2019-06-24,2019-06-25,2019-07-05,N,fifth,NA,NA,NA,NA
19LE024,2019,LEVI,2019-06-06,first,NA,2019-06-14,2019-06-20,2019-06-25,2019-06-27,2019-07-03,Y,NA,NA,NA,NA,NA
19SI083,2019,SIAL,2019-05-28,egg,2019-06-01,2019-06-08,2019-06-13,2019-06-20,2019-06-21,2019-07-02,Y,NA,NA,NA,NA,NA
19SI105,2019,SIAL,2019-05-30,egg,2019-06-05,2019-06-12,2019-06-22,2019-06-27,2019-07-01,2019-07-21,Y,NA,NA,NA,NA,NA
19SI111,2019,SIAL,2019-05-30,egg,2019-06-01,2019-06-08,2019-06-14,2019-06-18,2019-06-27,2019-07-05,N,fifth,NA,NA,NA,NA
19SI125,2019,SIAL,2019-06-19,egg,2019-06-22,2019-06-28,2019-07-03,2019-07-07,2019-07-11,2019-07-20,Y,NA,NA,NA,NA,NA
19SI128,2019,SIAL,2019-06-19,egg,2019-06-23,2019-07-01,2019-07-08,2019-07-14,2019-07-17,2019-07-24,Y,NA,2020,NA,NA,NA
19SI135,2019,SIAL,2019-06-21,egg,2019-06-23,2019-07-01,2019-07-12,2019-07-20,2019-07-23,2019-07-31,Y,NA,NA,NA,NA,NA
19SI146,2019,SIAL,2019-06-26,first,NA,2019-07-03,2019-07-13,2019-07-17,2019-07-21,2019-07-27,Y,NA,2020,NA,NA,NA
19SI151,2019,SIAL,2019-06-26,first,NA,2019-06-30,2019-07-06,2019-07-13,2019-07-15,2019-07-23,Y,NA,2020,NA,NA,NA
20BR005,2020,BRRA,2020-05-21,egg,2020-05-27,2020-06-03,2020-06-05,2020-06-10,2020-06-14,2020-06-22,Y,NA,2021,NA,NA,NA
20BR006,2020,BRRA,2020-05-21,egg,2020-05-27,2020-06-01,2020-06-05,2020-06-09,2020-06-13,2020-06-23,N,pupa,NA,NA,NA,NA
20BR035,2020,BRRA,2020-05-30,egg,2020-06-01,2020-06-08,2020-06-11,2020-06-14,2020-06-18,2020-06-26,N,pupa,NA,NA,NA,NA
20BR037,2020,BRRA,2020-05-30,egg,2020-05-31,2020-06-06,2020-06-11,2020-06-13,2020-06-18,2020-06-26,Y,NA,NA,NA,NA,NA
20BR047,2020,BRRA,2020-06-08,egg,2020-06-14,2020-06-19,2020-06-22,2020-06-26,2020-06-30,2020-07-09,Y,NA,NA,NA,NA,NA
20SI071,2020,SIAL,2020-05-17,egg,2020-05-21,2020-05-27,2020-05-30,2020-06-04,2020-06-08,2020-06-18,Y,NA,2021,NA,NA,NA
20SI074,2020,SIAL,2020-05-17,egg,2020-05-21,2020-05-27,2020-05-31,2020-06-05,2020-06-10,2020-06-19,Y,NA,NA,NA,NA,NA
20SI091,2020,SIAL,2020-05-24,egg,2020-05-30,2020-06-05,2020-06-09,2020-06-13,2020-06-18,2020-06-26,Y,NA,2021,NA,NA,NA
20SI096,2020,SIAL,2020-05-24,egg,2020-05-31,2020-06-05,2020-06-09,2020-06-13,2020-06-18,2020-06-27,Y,NA,2021,NA,NA,NA
20SI124,2020,SIAL,2020-06-01,egg,2020-06-07,2020-06-13,2020-06-18,2020-06-21,2020-06-25,2020-07-06,Y,NA,2021,NA,NA,NA
20SI140,2020,SIAL,2020-06-14,egg,2020-06-19,2020-06-24,2020-06-28,2020-07-01,2020-07-06,2020-07-14,Y,NA,2021,NA,NA,NA
20SI191,2020,SIAL,2020-06-28,egg,2020-07-02,2020-07-08,2020-07-12,2020-07-16,2020-07-20,2020-07-29,Y,NA,2021,NA,NA,NA
20SI201,2020,SIAL,2020-06-28,second,NA,NA,2020-06-30,2020-07-05,2020-07-09,2020-07-18,Y,NA,2021,NA,NA,NA
20SI203,2020,SIAL,2020-07-02,second,NA,NA,2020-07-04,2020-07-09,2020-07-15,2020-07-24,Y,NA,2021,NA,NA,NA
20SI227,2020,SIAL,2020-07-06,fourth,NA,NA,NA,NA,2020-07-09,2020-07-16,Y,NA,NA,NA,NA,NA
21BR037,2021,BRRA,2021-05-20,egg,2021-05-28,2021-06-02,2021-06-05,2021-06-10,2021-06-15,2021-06-25,Y,NA,2022,NA,NA,NA
21BR049,2021,BRRA,2021-05-17,egg,2021-05-25,2021-05-31,2021-06-05,2021-06-11,2021-06-17,2021-06-25,Y,NA,NA,NA,NA,NA
21BR056,2021,BRRA,2021-05-27,egg,2021-06-02,2021-06-07,2021-06-10,2021-06-15,2021-06-19,2021-06-26,Y,NA,NA,NA,NA,NA
21BR077,2021,BRRA,2021-06-12,second,NA,NA,2021-06-14,2021-06-17,2021-06-22,2021-06-28,Y,NA,2022,NA,NA,NA
21LE009,2021,LEVI,2021-06-03,egg,2021-06-11,2021-06-16,2021-06-21,2021-06-23,2021-06-26,2021-07-08,N,pupa,NA,NA,NA,NA
21SI020,2021,SIAL,2021-05-04,egg,2021-05-10,2021-05-15,2021-05-20,2021-05-25,2021-05-30,2021-06-07,N,pupa,NA,NA,NA,NA
21SI045,2021,SIAL,2021-05-17,egg,2021-05-23,2021-05-29,2021-06-02,2021-06-05,2021-06-12,2021-06-22,Y,NA,NA,NA,NA,NA
21SI064,2021,SIAL,2021-06-04,egg,2021-06-08,2021-06-13,2021-06-17,2021-06-21,2021-06-22,2021-06-28,Y,NA,NA,NA,NA,NA
21SI066,2021,SIAL,2021-06-04,egg,2021-06-05,2021-06-11,2021-06-15,2021-06-19,2021-06-22,2021-06-28,Y,NA,NA,NA,NA,NA
21SI072,2021,SIAL,2021-06-05,first,NA,2021-06-10,2021-06-14,2021-06-18,2021-06-22,2021-06-27,Y,NA,2022,NA,NA,NA
21SI078,2021,SIAL,2021-06-11,egg,2021-06-14,2021-06-19,2021-06-22,2021-06-26,2021-06-28,2021-07-11,Y,NA,2022,NA,NA,NA
21SI131,2021,SIAL,2021-06-25,first,NA,2021-06-29,2021-07-02,2021-07-07,2021-07-14,2021-07-24,N,pupa,NA,NA,NA,NA
22BR012,2022,BRRA,2022-05-06,egg,2022-05-15,2022-05-21,2022-05-26,2022-05-31,2022-06-05,2022-06-14,N,pupa,NA,NA,NA,NA
22BR018,2022,BRRA,2022-05-13,egg,2022-05-21,2022-05-29,2022-06-02,2022-06-06,2022-06-11,2022-06-20,N,pupa,NA,NA,NA,NA
22BR025,2022,BRRA,2022-05-19,egg,2022-05-27,2022-06-04,2022-06-11,2022-06-15,2022-06-21,2022-06-30,N,pupa,NA,NA,NA,NA
22BR027,2022,BRRA,2022-05-19,egg,2022-05-28,2022-06-02,2022-06-05,2022-06-10,2022-06-15,2022-06-25,N,pupa,NA,NA,NA,NA
22LE016,2022,LEVI,2022-06-19,egg,2022-06-23,2022-06-26,2022-06-28,2022-07-02,2022-07-07,2022-07-14,N,pupa,Deformed pupa with white section in the middle and 2 ridges running up to the head determined not survivable,NA,NA,NA
22SI001,2022,SIAL,2022-05-17,egg,2022-05-23,2022-05-28,2022-06-02,2022-06-06,2022-06-11,2022-06-20,Y,NA,2023,NA,NA,NA
23BR036,2023,BRRA,2023-05-28,egg,2023-06-02,2023-06-08,2023-06-11,2023-06-14,2023-06-18,2023-06-27,Y,NA,2024,NA,NA,NA
24LE001,2024,LEVI,2024-05-22,egg,2024-05-29,2024-06-03,2024-06-07,2024-06-11,2024-06-16,2024-06-23,Y,NA,NA,NA,NA,NA
24LE002,2024,LEVI,2024-05-22,egg,2024-05-29,2024-06-04,2024-06-08,2024-06-12,2024-06-17,2024-06-25,Y,NA,NA,NA,NA,NA
24LE003,2024,LEVI,2024-05-26,egg,2024-06-02,2024-06-08,2024-06-11,2024-06-15,2024-06-20,2024-06-28,Y,NA,NA,NA,NA,NA
24LE004,2024,LEVI,2024-05-29,egg,2024-06-01,2024-06-06,2024-06-09,2024-06-14,2024-06-19,2024-06-26,Y,NA,NA,NA,NA,NA
24LE005,2024,LEVI,2024-06-03,egg,2024-06-08,2024-06-13,2024-06-17,2024-06-21,2024-06-24,2024-07-03,Y,NA,NA,NA,NA,NA
24LE006,2024,LEVI,2024-06-17,egg,2024-06-20,2024-06-24,2024-06-28,2024-07-01,2024-07-05,2024-07-10,Y,NA,NA,NA,NA,NA
24SI001,2024,SIAL,2024-04-29,egg,2024-05-05,2024-05-12,2024-05-17,2024-05-20,2024-05-27,2024-06-03,Y,NA,NA,NA,NA,NA
24SI003,2024,SIAL,2024-04-29,egg,2024-05-08,2024-05-12,2024-05-16,2024-05-20,2024-05-26,2024-06-07,Y,NA,NA,NA,NA,NA
24SI004,2024,SIAL,2024-05-01,egg,2024-05-09,2024-05-14,2024-05-18,2024-05-22,2024-05-28,2024-06-08,Y,NA,NA,NA,NA,NA
24SI005,2024,SIAL,2024-05-01,egg,2024-05-07,2024-05-12,2024-05-15,2024-05-20,2024-05-26,2024-06-06,Y,NA,NA,NA,NA,NA
24SI006,2024,SIAL,2024-05-01,egg,2024-05-06,2024-05-12,2024-05-16,2024-05-18,2024-05-25,2024-06-05,Y,NA,NA,NA,NA,NA
24SI007,2024,SIAL,2024-05-01,egg,2024-05-07,2024-05-13,2024-05-18,2024-05-22,2024-05-29,2024-06-08,Y,NA,NA,NA,NA,NA
24SI008,2024,SIAL,2024-05-03,egg,2024-05-10,2024-05-14,2024-05-18,2024-05-22,2024-05-28,2024-06-08,Y,NA,NA,NA,NA,NA
24SI009,2024,SIAL,2024-05-03,egg,2024-05-10,2024-05-14,2024-05-19,2024-05-23,2024-05-29,2024-06-08,Y,NA,NA,NA,NA,NA
24SI010,2024,SIAL,2024-05-03,egg,2024-05-10,2024-05-14,2024-05-18,2024-05-22,2024-05-28,2024-06-08,Y,NA,NA,NA,NA,NA
24SI011,2024,SIAL,2024-05-03,egg,2024-05-10,2024-05-16,2024-05-20,2024-05-25,2024-05-31,2024-06-10,Y,NA,NA,NA,NA,NA
24SI012,2024,SIAL,2024-05-04,egg,2024-05-10,2024-05-14,2024-05-18,2024-05-24,2024-05-29,2024-06-08,Y,NA,NA,NA,NA,NA
24SI013,2024,SIAL,2024-05-04,egg,2024-05-10,2024-05-15,2024-05-20,2024-05-25,2024-05-31,2024-06-09,Y,NA,NA,NA,NA,NA
24SI014,2024,SIAL,2024-05-04,egg,2024-05-10,2024-05-14,2024-05-19,2024-05-24,2024-05-30,2024-06-08,Y,NA,NA,NA,NA,NA
24SI015,2024,SIAL,2024-05-04,egg,2024-05-10,2024-05-14,2024-05-19,2024-05-24,2024-05-31,2024-06-09,Y,NA,NA,NA,NA,NA
24SI017,2024,SIAL,2024-05-05,egg,2024-05-11,2024-05-16,2024-05-19,2024-05-24,2024-05-30,2024-06-08,Y,NA,NA,NA,NA,NA
24SI018,2024,SIAL,2024-05-05,egg,2024-05-11,2024-05-16,2024-05-19,2024-05-24,2024-05-30,2024-06-08,Y,NA,NA,NA,NA,NA
24SI019,2024,SIAL,2024-05-06,egg,2024-05-11,2024-05-16,2024-05-20,2024-05-25,2024-05-30,2024-06-09,Y,NA,NA,NA,NA,NA
24SI020,2024,SIAL,2024-05-06,egg,2024-05-11,2024-05-16,2024-05-20,2024-05-24,2024-05-30,2024-06-08,Y,NA,NA,NA,NA,NA
24SI021,2024,SIAL,2024-05-06,egg,2024-05-11,2024-05-16,2024-05-20,2024-05-25,2024-05-31,2024-06-09,Y,NA,NA,NA,NA,NA
24SI023,2024,SIAL,2024-05-09,egg,2024-05-12,2024-05-17,2024-05-22,2024-05-26,2024-06-01,2024-06-16,N,pupa,NA,NA,NA,NA
24SI024,2024,SIAL,2024-05-09,egg,2024-05-12,2024-05-17,2024-05-23,2024-05-28,2024-06-03,2024-06-12,Y,NA,NA,NA,NA,NA
24SI025,2024,SIAL,2024-05-09,egg,2024-05-11,2024-05-18,2024-05-23,2024-05-27,2024-06-02,2024-06-12,Y,NA,NA,NA,NA,NA
24SI026,2024,SIAL,2024-05-09,egg,2024-05-16,2024-05-26,2024-06-01,2024-06-08,2024-06-20,2024-06-30,Y,NA,NA,NA,NA,NA
24SI027,2024,SIAL,2024-05-09,egg,2024-05-14,2024-05-21,2024-05-26,2024-05-31,2024-06-06,2024-06-15,Y,NA,NA,NA,NA,NA
24SI028,2024,SIAL,2024-05-09,egg,2024-05-10,2024-05-15,2024-05-19,2024-05-25,2024-05-31,2024-06-09,Y,NA,NA,NA,NA,NA
24SI029,2024,SIAL,2024-05-09,egg,2024-05-12,2024-05-18,2024-05-22,2024-05-27,2024-06-02,2024-06-12,Y,NA,NA,NA,NA,NA
24SI030,2024,SIAL,2024-05-09,egg,2024-05-10,2024-05-14,2024-05-19,2024-05-23,2024-05-29,2024-06-08,Y,NA,NA,NA,NA,NA
24SI031,2024,SIAL,2024-05-09,egg,2024-05-11,2024-05-19,2024-05-28,2024-06-02,2024-06-08,2024-06-18,Y,NA,NA,NA,NA,NA
24SI032,2024,SIAL,2024-05-09,egg,2024-05-11,2024-05-18,2024-05-23,2024-05-28,2024-06-02,2024-06-12,Y,NA,NA,NA,NA,NA
24SI033,2024,SIAL,2024-05-10,egg,2024-05-14,2024-05-21,2024-05-27,2024-06-01,2024-06-07,2024-06-17,Y,NA,NA,NA,NA,NA
24SI034,2024,SIAL,2024-05-10,egg,2024-05-15,2024-05-23,2024-05-27,2024-06-01,2024-06-07,2024-06-16,Y,NA,NA,NA,NA,NA
24SI035,2024,SIAL,2024-05-10,egg,2024-05-14,2024-05-20,2024-05-24,2024-05-29,2024-06-03,2024-06-12,Y,NA,NA,NA,NA,NA
24SI036,2024,SIAL,2024-05-10,egg,2024-05-15,2024-05-20,2024-05-25,2024-05-29,2024-06-03,2024-06-12,Y,NA,NA,NA,NA,NA
24SI037,2024,SIAL,2024-05-10,egg,2024-05-16,2024-05-23,2024-05-27,2024-05-30,2024-06-05,2024-06-14,Y,NA,NA,NA,NA,NA
24SI038,2024,SIAL,2024-05-13,egg,2024-05-19,2024-05-26,2024-05-30,2024-06-02,2024-06-07,2024-06-16,Y,NA,NA,NA,NA,NA
24SI039,2024,SIAL,2024-05-14,egg,2024-05-21,2024-05-27,2024-06-01,2024-06-05,2024-06-09,2024-06-19,Y,NA,NA,NA,NA,NA
24SI044,2024,SIAL,2024-05-14,egg,2024-05-16,2024-05-23,2024-05-28,2024-05-21,2024-06-05,2024-06-14,Y,NA,NA,NA,NA,NA
24SI045,2024,SIAL,2024-05-16,egg,2024-05-19,2024-05-26,2024-05-31,2024-06-03,2024-06-08,2024-06-18,Y,NA,NA,NA,NA,NA
24SI046,2024,SIAL,2024-05-16,egg,2024-05-21,2024-05-27,2024-06-01,2024-06-06,2024-06-10,2024-06-21,Y,NA,NA,NA,NA,NA
24SI047,2024,SIAL,2024-05-16,egg,2024-05-21,2024-05-28,2024-06-01,2024-06-06,2024-06-10,2024-06-20,Y,NA,NA,NA,NA,NA
24SI048,2024,SIAL,2024-05-16,egg,2024-05-21,2024-05-28,2024-06-01,2024-06-06,2024-06-10,2024-06-20,Y,NA,NA,NA,NA,NA
24SI049,2024,SIAL,2024-05-16,egg,2024-05-24,2024-06-01,2024-06-03,2024-06-09,2024-06-16,2024-06-25,Y,NA,NA,NA,NA,NA
24SI050,2024,SIAL,2024-05-16,egg,2024-05-23,2024-05-29,2024-06-03,2024-06-07,2024-06-12,2024-06-21,Y,NA,NA,NA,NA,NA
24SI051,2024,SIAL,2024-05-16,egg,2024-05-22,2024-05-28,1961-05-01,2024-06-03,2024-06-08,2024-06-18,Y,NA,NA,NA,NA,NA
24SI052,2024,SIAL,2024-05-16,egg,2024-05-21,2024-05-26,2024-05-31,2024-06-04,2024-06-05,2024-06-18,Y,NA,NA,NA,NA,NA
24SI054,2024,SIAL,2024-05-16,egg,2024-05-24,2024-05-28,2024-06-02,2024-06-07,2024-06-12,2024-06-21,Y,NA,NA,NA,NA,NA
24SI055,2024,SIAL,2024-05-16,egg,2024-05-18,2024-05-25,2024-05-29,2024-06-02,2024-06-07,2024-06-16,Y,NA,NA,NA,NA,NA
24SI056,2024,SIAL,2024-05-17,egg,2024-05-21,2024-05-28,2024-06-02,2024-06-06,2024-06-11,2024-06-21,Y,NA,NA,NA,NA,NA
24SI057,2024,SIAL,2024-05-22,egg,2024-05-28,2024-06-03,2024-06-08,2024-06-11,2024-06-17,2024-06-25,Y,NA,NA,NA,NA,NA
24SI059,2024,SIAL,2024-05-22,egg,2024-05-26,2024-06-01,2024-06-06,2024-06-09,2024-06-14,2024-06-23,Y,NA,NA,NA,NA,NA
24SI061,2024,SIAL,2024-05-22,egg,2024-05-25,2024-06-01,2024-06-05,2024-06-09,2024-06-14,2024-06-22,Y,NA,NA,NA,NA,NA
24SI062,2024,SIAL,2024-05-22,egg,2024-05-29,2024-06-04,2024-06-09,2024-06-12,2024-06-18,2024-06-25,Y,NA,NA,NA,NA,NA
24SI063,2024,SIAL,2024-05-23,egg,2024-05-29,2024-06-05,2024-06-08,2024-06-13,2024-06-17,2024-06-25,Y,NA,NA,NA,NA,NA
24SI064,2024,SIAL,2024-05-23,egg,2024-05-25,2024-05-31,2024-06-04,2024-06-08,2024-06-12,2024-06-21,Y,NA,NA,NA,NA,NA
24SI065,2024,SIAL,2024-05-23,egg,2024-05-27,2024-06-02,2024-06-07,2024-06-10,2024-06-15,2024-06-23,Y,NA,NA,NA,NA,NA
24SI066,2024,SIAL,2024-05-23,egg,2024-05-31,2024-06-07,2024-06-10,2024-06-14,2024-06-19,2024-06-27,Y,NA,NA,NA,NA,NA
24SI067,2024,SIAL,2024-05-23,egg,2024-05-27,2024-06-02,2024-06-07,2024-06-10,2024-06-16,2024-06-24,Y,NA,NA,NA,NA,NA
24SI068,2024,SIAL,2024-05-23,egg,2024-05-26,2024-06-01,2024-06-06,2024-06-09,2024-06-14,2024-06-22,Y,NA,NA,NA,NA,NA
24SI069,2024,SIAL,2024-05-27,egg,2024-05-30,2024-06-01,2024-06-07,2024-06-09,2024-06-14,2024-06-22,Y,NA,NA,NA,NA,NA
24SI070,2024,SIAL,2024-05-29,egg,2024-06-02,2024-06-07,2024-06-10,2024-06-14,2024-06-19,2024-06-26,Y,NA,NA,NA,NA,NA
24SI072,2024,SIAL,2024-05-29,egg,2024-06-02,2024-06-08,2024-06-11,2024-06-15,2024-06-20,2024-06-27,Y,NA,NA,NA,NA,NA
24SI073,2024,SIAL,2024-05-29,egg,2024-06-01,2024-06-06,2024-06-09,2024-06-14,2024-06-18,2024-06-26,Y,NA,NA,NA,NA,NA
24SI074,2024,SIAL,2024-05-29,egg,2024-05-31,2024-06-06,2024-06-09,2024-06-14,2024-06-19,2024-06-27,Y,NA,NA,NA,NA,NA
24SI076,2024,SIAL,2024-06-19,egg,2024-06-19,2024-06-20,2024-06-23,2024-06-26,2024-06-30,2024-07-06,Y,NA,NA,NA,NA,NA
24BR002,2024,BRRA,2024-04-21,egg,2024-04-29,2024-05-06,2024-05-10,2024-05-13,2024-05-18,2024-05-29,Y,NA,NA,NA,NA,NA
24BR003,2024,BRRA,2024-04-21,egg,2024-04-30,2024-05-06,2024-05-10,2024-05-12,2024-05-17,2024-05-28,Y,NA,NA,NA,NA,NA
24BR004,2024,BRRA,2024-04-23,egg,2024-04-30,2024-05-07,2024-05-11,2024-05-14,2024-05-19,2024-05-29,Y,NA,NA,NA,NA,NA
24BR005,2024,BRRA,2024-04-23,egg,2024-05-01,2024-05-07,2024-05-11,2024-05-14,2024-05-19,2024-05-29,Y,NA,NA,NA,NA,NA
24BR006,2024,BRRA,2024-04-24,egg,2024-05-04,2024-05-09,2024-05-12,2024-05-17,2024-05-22,2024-06-01,Y,NA,NA,NA,NA,NA
24BR007,2024,BRRA,2024-04-21,egg,2024-05-01,2024-05-07,2024-05-11,2024-05-14,2024-05-19,2024-05-31,Y,NA,NA,NA,NA,NA
24BR008,2024,BRRA,2024-04-26,egg,2024-05-01,2024-05-08,2024-05-11,2024-05-14,2024-05-19,2024-05-31,Y,NA,NA,NA,NA,NA
24BR009,2024,BRRA,2024-04-26,egg,2024-05-02,2024-05-08,2024-05-11,2024-05-14,2024-05-19,2024-05-30,Y,NA,NA,NA,NA,NA
24BR010,2024,BRRA,2024-04-29,egg,2024-05-09,2024-05-14,2024-05-17,2024-05-21,2024-05-27,2024-06-07,Y,NA,NA,NA,NA,NA
24BR011,2024,BRRA,2024-04-29,egg,2024-05-06,2024-05-11,2024-05-13,2024-05-18,2024-05-24,2024-06-03,Y,NA,NA,NA,NA,NA
24BR012,2024,BRRA,2024-04-29,egg,2024-05-09,2024-05-13,2024-05-18,2024-05-23,2024-05-28,2024-06-07,Y,NA,NA,NA,NA,NA
24BR013,2024,BRRA,2024-04-30,egg,2024-05-09,2024-05-13,2024-05-17,2024-05-22,2024-05-28,2024-06-07,Y,NA,NA,NA,NA,NA
24BR014,2024,BRRA,2024-04-30,egg,2024-05-08,2024-05-13,2024-05-17,2024-05-21,2024-05-27,2024-06-07,Y,NA,NA,NA,NA,NA
24BR016,2024,BRRA,2024-05-03,egg,2024-05-10,2024-05-14,2024-05-20,2024-05-25,2024-05-30,2024-06-08,Y,NA,NA,NA,NA,NA
24BR017,2024,BRRA,2024-05-03,egg,2024-05-10,2024-05-16,2024-05-20,2024-05-24,2024-05-29,2024-06-08,Y,NA,NA,NA,NA,NA
24BR018,2024,BRRA,2024-05-04,egg,2024-05-09,2024-05-14,2024-05-19,2024-05-24,2024-05-29,2024-06-08,Y,NA,NA,NA,NA,NA
24BR019,2024,BRRA,2024-05-05,egg,2024-05-11,2024-05-15,2024-05-20,2024-05-24,2024-05-30,2024-06-08,Y,NA,NA,NA,NA,NA
24BR020,2024,BRRA,2024-05-05,egg,2024-05-10,2024-05-14,2024-05-19,2024-05-23,2024-05-29,2024-06-08,Y,NA,NA,NA,NA,NA
24BR021,2024,BRRA,2024-05-06,egg,2024-05-11,2024-05-16,2024-05-20,2024-05-25,2024-05-31,2024-06-09,Y,NA,NA,NA,NA,NA
24BR022,2024,BRRA,2024-05-06,egg,2024-05-09,2024-05-13,2024-05-17,2024-05-22,2024-05-28,2024-06-07,Y,NA,NA,NA,NA,NA
24BR023,2024,BRRA,2024-05-06,egg,2024-05-12,2024-05-18,2024-05-23,2024-05-29,2024-06-03,2024-06-12,Y,NA,NA,NA,NA,NA
24BR024,2024,BRRA,2024-05-10,egg,2024-05-15,2024-05-22,2024-05-27,2024-06-01,2024-06-06,2024-06-16,Y,NA,NA,NA,NA,NA
24BR025,2024,BRRA,2024-05-10,egg,2024-05-17,2024-05-24,2024-05-29,2024-06-03,2024-06-08,2024-06-18,Y,NA,NA,NA,NA,NA
24BR026,2024,BRRA,2024-05-10,egg,2024-05-12,2024-05-17,2024-05-22,2024-05-27,2024-06-02,2024-06-11,Y,NA,NA,NA,NA,NA
24BR027,2024,BRRA,2024-05-13,egg,2024-05-19,2024-05-25,2024-05-29,2024-06-03,2024-06-07,2024-06-16,Y,NA,NA,NA,NA,NA
24BR028,2024,BRRA,2024-05-13,egg,2024-05-19,2024-05-24,2024-05-29,2024-06-03,2024-06-08,2024-06-18,Y,NA,NA,NA,NA,NA
24BR029,2024,BRRA,2024-05-13,egg,2024-05-19,2024-05-25,2024-05-29,2024-06-03,2024-06-08,2024-06-14,Y,NA,NA,NA,NA,NA
24BR030,2024,BRRA,2024-05-13,egg,2024-05-19,2024-05-25,2024-05-29,2024-06-02,2024-06-07,2024-06-15,Y,NA,same plant as BR029,NA,NA,NA
24BR032,2024,BRRA,2024-05-13,egg,2024-05-20,2024-05-27,2024-05-31,2024-06-04,2024-06-08,2024-06-17,Y,NA,NA,NA,NA,NA
24BR033,2024,BRRA,2024-05-13,egg,2024-05-19,2024-05-26,2024-05-31,2024-06-03,2024-06-08,2024-06-17,Y,NA,NA,NA,NA,NA
24BR034,2024,BRRA,2024-05-13,egg,2024-05-18,2024-05-25,2024-05-29,2024-06-03,2024-06-08,2024-06-16,Y,NA,NA,NA,NA,NA
24BR035,2024,BRRA,2024-05-13,egg,2024-05-19,2024-05-24,2024-05-29,2024-06-02,2024-06-07,2024-06-16,Y,NA,same clump as BR034 and BR036,NA,NA,NA
24BR036,2024,BRRA,2024-05-13,egg,2024-05-20,2024-05-27,2024-05-31,2024-06-04,2024-06-09,2024-06-18,Y,NA,same clump as BR034 and BR035,NA,NA,NA
24BR037,2024,BRRA,2024-05-14,egg,2024-05-21,2024-05-27,2024-05-31,2024-06-04,2024-06-09,2024-06-19,Y,NA,NA,NA,NA,NA
24BR038,2024,BRRA,2024-05-14,egg,2024-05-18,2024-05-25,2024-05-31,2024-06-04,2024-06-09,2024-06-18,Y,NA,NA,NA,NA,NA
24BR039,2024,BRRA,2024-05-15,egg,2024-05-17,2024-05-24,2024-05-29,2024-06-01,2024-06-06,2024-06-15,Y,NA,NA,NA,NA,NA
24BR040,2024,BRRA,2024-05-15,egg,2024-05-18,2024-05-24,2024-05-29,2024-06-03,2024-06-07,2024-06-16,Y,NA,NA,NA,NA,NA
24BR041,2024,BRRA,2024-05-15,egg,2024-05-19,2024-05-25,2024-05-30,2024-06-03,2024-06-08,2024-06-17,Y,NA,NA,NA,NA,NA
24BR042,2024,BRRA,2024-05-15,egg,2024-05-20,2024-05-27,2024-05-30,2024-06-03,2024-06-08,2024-06-16,Y,NA,NA,NA,NA,NA
24BR043,2024,BRRA,2024-05-15,egg,2024-05-20,2024-05-27,2024-06-01,2024-06-06,2024-06-10,2024-06-20,Y,NA,NA,NA,NA,NA
24BR044,2024,BRRA,2024-05-13,egg,2024-05-18,2024-05-24,2024-05-29,2024-06-02,2024-06-07,2024-06-16,Y,NA,NA,NA,NA,NA
24BR045,2024,BRRA,2024-05-10,egg,2024-05-17,2024-05-24,2024-05-29,2024-06-02,2024-06-07,2024-06-16,Y,NA,NA,NA,NA,NA
24BR046,2024,BRRA,2024-05-13,egg,2024-05-19,2024-05-25,2024-05-29,2024-06-03,2024-06-08,2024-06-17,Y,NA,NA,NA,NA,NA
24BR047,2024,BRRA,2024-05-19,egg,2024-05-23,2024-05-30,2024-06-04,2024-06-07,2024-06-12,2024-06-21,Y,NA,NA,NA,NA,NA
24BR048,2024,BRRA,2024-05-19,egg,2024-05-27,2024-06-01,2024-06-06,2024-06-09,2024-06-15,2024-06-23,Y,NA,NA,NA,NA,NA
24BR049,2024,BRRA,2024-05-23,egg,2024-05-30,2024-06-05,2024-06-08,2024-06-12,2024-06-18,2024-06-25,Y,NA,NA,NA,NA,NA
24BR051,2024,BRRA,2024-05-23,egg,2024-05-31,2024-06-05,2024-06-08,2024-06-12,2024-06-17,2024-06-24,Y,NA,NA,NA,NA,NA
24BR052,2024,BRRA,2024-05-23,egg,2024-05-29,2024-06-04,2024-06-08,2024-06-13,2024-06-17,2024-06-25,Y,NA,NA,NA,NA,NA
24BR053,2024,BRRA,2024-05-23,egg,2024-05-31,2024-06-07,2024-06-09,2024-06-13,2024-06-18,2024-06-25,Y,NA,NA,NA,NA,NA
24BR055,2024,BRRA,2024-05-27,egg,2024-06-01,2024-06-07,2024-06-09,2024-06-14,2024-06-18,2024-06-25,Y,NA,NA,NA,NA,NA
24BR056,2024,BRRA,2024-05-23,egg,2024-05-31,2024-06-06,2024-06-10,2024-06-15,2024-06-20,2024-06-28,Y,NA,NA,NA,NA,NA
24BR057,2024,BRRA,2024-05-29,egg,2024-06-03,2024-06-08,2024-06-13,2024-06-16,2024-06-20,2024-06-27,Y,NA,NA,NA,NA,NA
24BR060,2024,BRRA,2024-05-29,egg,2024-06-01,2024-06-07,2024-06-10,2024-06-14,2024-06-19,2024-06-26,Y,NA,NA,NA,NA,NA
24BR061,2024,BRRA,2024-05-29,egg,2024-06-03,2024-06-09,2024-06-14,2024-06-17,2024-06-22,2024-06-29,Y,NA,NA,NA,NA,NA
24BR062,2024,BRRA,2024-06-03,egg,2024-06-08,2024-06-14,2024-06-17,2024-06-20,2024-06-24,2024-07-01,Y,NA,NA,NA,NA,NA
